ＥＤＩＮＥＴコード,提出者名,提出者法人番号
E01737,株式会社日立製作所,7010001008844
E01739,三菱電機株式会社,4010001008772
E01777,ソニーグループ株式会社,5010401067252
E01914,株式会社村田製作所,4130001030475
E01967,株式会社キーエンス,4120001051530
E02142,日産自動車株式会社,9020001031109
E02144,トヨタ自動車株式会社,1180301018771
E02166,本田技研工業株式会社,6010401027577
E02497,伊藤忠商事株式会社,7120001077358
E02498,丸紅株式会社,9010001008776
E02505,豊田通商株式会社,6180001031731
E02513,三井物産株式会社,1010001008767
E02528,住友商事株式会社,1010001008692
E02529,三菱商事株式会社,5010001008771
E02958,双日株式会社,5010401049977
E03606,株式会社三菱ＵＦＪフィナンシャル・グループ,4010001073486
E03614,株式会社三井住友フィナンシャルグループ,2010001081053
E03615,株式会社みずほフィナンシャルグループ,9010001081419
E03847,東京海上ホールディングス株式会社,7010001078061
E03854,ＭＳ＆ＡＤインシュアランスグループホールディングス株式会社,4010001116542
E03855,三井不動産株式会社,6010001034957
E03856,三菱地所株式会社,2010001008774
E03907,住友不動産株式会社,8011101010739
E04425,ＫＤＤＩ株式会社,9011101031552
E04426,ソフトバンク株式会社,9010401052465
E04430,ＮＴＴ株式会社,7010001065142
E23924,ＳＯＭＰＯホールディングス株式会社,9011101055980
