edinet_code,filer_name,doc_id,period_end,submit_datetime,doc_description,csv_flag,pdf_flag
E00012,株式会社　極洋,S100LORW,2021-03-31,2021-06-25 15:02,有価証券報告書－第98期(令和2年4月1日－令和3年3月31日),1,1
E00012,株式会社　極洋,S100OED4,2022-03-31,2022-06-24 14:33,有価証券報告書－第99期(令和3年4月1日－令和4年3月31日),1,1
E00012,株式会社　極洋,S100R30D,2023-03-31,2023-06-27 15:04,有価証券報告書－第100期(2022/04/01－2023/03/31),1,1
E00012,株式会社　極洋,S100TQGG,2024-03-31,2024-06-25 15:18,有価証券報告書－第101期(2023/04/01－2024/03/31),1,1
E00012,株式会社　極洋,S100W543,2025-03-31,2025-06-25 16:11,有価証券報告書－第102期(2024/04/01－2025/03/31),1,1
E00012,株式会社　極洋,S100YE8K,2026-03-31,2026-06-22 10:11,有価証券報告書－第103期(2025/04/01－2026/03/31),1,1
E00014,日本水産株式会社,S100LORU,2021-03-31,2021-06-25 13:18,有価証券報告書－第106期(令和2年4月1日－令和3年3月31日),1,1
E00014,日本水産株式会社,S100OH0Q,2022-03-31,2022-06-28 13:33,有価証券報告書－第107期(令和3年4月1日－令和4年3月31日),1,1
E00014,株式会社ニッスイ,S100R66L,2023-03-31,2023-06-28 13:42,有価証券報告書－第108期(2022/04/01－2023/03/31),1,1
E00014,株式会社ニッスイ,S100TQLS,2024-03-31,2024-06-26 16:12,有価証券報告書－第109期(2023/04/01－2024/03/31),1,1
E00014,株式会社ニッスイ,S100W2X5,2025-03-31,2025-06-26 13:21,有価証券報告書－第110期(2024/04/01－2025/03/31),1,1
E00014,株式会社ニッスイ,S100YHOQ,2026-03-31,2026-06-23 14:26,有価証券報告書－第111期(2025/04/01－2026/03/31),1,1
E00015,マルハニチロ株式会社,S100LMQB,2021-03-31,2021-06-24 13:20,有価証券報告書－第77期(令和2年4月1日－令和3年3月31日),1,1
E00015,マルハニチロ株式会社,S100OD1O,2022-03-31,2022-06-28 13:32,有価証券報告書－第78期(令和3年4月1日－令和4年3月31日),1,1
E00015,マルハニチロ株式会社,S100R5V0,2023-03-31,2023-06-27 15:22,有価証券報告書－第79期(2022/04/01－2023/03/31),1,1
E00015,マルハニチロ株式会社,S100TOYU,2024-03-31,2024-06-25 15:10,有価証券報告書－第80期(2023/04/01－2024/03/31),1,1
E00015,マルハニチロ株式会社,S100W172,2025-03-31,2025-06-23 15:00,有価証券報告書－第81期(2024/04/01－2025/03/31),1,1
E00015,Ｕｍｉｏｓ株式会社,S100YCK1,2026-03-31,2026-06-17 15:00,有価証券報告書－第82期(2025/04/01－2026/03/31),1,1
E00021,三菱マテリアル株式会社,S100LMJY,2021-03-31,2021-06-24 16:00,有価証券報告書－第96期(令和2年4月1日－令和3年3月31日),1,1
E00021,三菱マテリアル株式会社,S100OES8,2022-03-31,2022-06-28 16:00,有価証券報告書－第97期(令和3年4月1日－令和4年3月31日),1,1
E00021,三菱マテリアル株式会社,S100R12D,2023-03-31,2023-06-23 16:00,有価証券報告書－第98期(2022/04/01－2023/03/31),1,1
E00021,三菱マテリアル株式会社,S100TRRS,2024-03-31,2024-06-26 16:00,有価証券報告書－第99期(2023/04/01－2024/03/31),1,1
E00021,三菱マテリアル株式会社,S100W34Q,2025-03-31,2025-06-24 10:08,有価証券報告書－第100期(2024/04/01－2025/03/31),1,1
E00021,三菱マテリアル株式会社,S100YFRY,2026-03-31,2026-06-22 10:29,有価証券報告書－第101期(2025/04/01－2026/03/31),1,1
E00023,住友金属鉱山株式会社,S100LRHA,2021-03-31,2021-06-25 16:16,有価証券報告書－第96期(令和2年4月1日－令和3年3月31日),1,1
E00023,住友金属鉱山株式会社,S100OG4X,2022-03-31,2022-06-24 16:15,有価証券報告書－第97期(令和3年4月1日－令和4年3月31日),1,1
E00023,住友金属鉱山株式会社,S100R3B5,2023-03-31,2023-06-23 16:23,有価証券報告書－第98期(2022/04/01－2023/03/31),1,1
E00023,住友金属鉱山株式会社,S100TUQA,2024-03-31,2024-06-26 15:53,有価証券報告書－第99期(2023/04/01－2024/03/31),1,1
E00023,住友金属鉱山株式会社,S100W5I3,2025-03-31,2025-06-25 13:15,有価証券報告書－第100期(2024/04/01－2025/03/31),1,1
E00023,住友金属鉱山株式会社,S100YJ6N,2026-03-31,2026-06-24 11:40,有価証券報告書－第101期(2025/04/01－2026/03/31),1,1
E00028,ＤＯＷＡホールディングス株式会社,S100LNJD,2021-03-31,2021-06-24 11:00,有価証券報告書－第118期(令和2年4月1日－令和3年3月31日),1,1
E00028,ＤＯＷＡホールディングス株式会社,S100OEIA,2022-03-31,2022-06-24 15:55,有価証券報告書－第119期(令和3年4月1日－令和4年3月31日),1,1
E00028,ＤＯＷＡホールディングス株式会社,S100R5AK,2023-03-31,2023-06-29 09:58,有価証券報告書－第120期(2022/04/01－2023/03/31),1,1
E00028,ＤＯＷＡホールディングス株式会社,S100TO7R,2024-03-31,2024-06-25 11:24,有価証券報告書－第121期(2023/04/01－2024/03/31),1,1
E00028,ＤＯＷＡホールディングス株式会社,S100W2F9,2025-03-31,2025-06-24 09:59,有価証券報告書－第122期(2024/04/01－2025/03/31),1,1
E00028,ＤＯＷＡホールディングス株式会社,S100YGIN,2026-03-31,2026-06-23 10:00,有価証券報告書－第123期(2025/04/01－2026/03/31),1,1
E00041,石油資源開発株式会社,S100LRPB,2021-03-31,2021-06-28 15:07,有価証券報告書－第51期(令和2年4月1日－令和3年3月31日),1,1
E00041,石油資源開発株式会社,S100OGB7,2022-03-31,2022-06-28 15:37,有価証券報告書－第52期(令和3年4月1日－令和4年3月31日),1,1
E00041,石油資源開発株式会社,S100R3GX,2023-03-31,2023-06-27 16:15,有価証券報告書－第53期(2022/04/01－2023/03/31),1,1
E00041,石油資源開発株式会社,S100TTDA,2024-03-31,2024-06-26 16:56,有価証券報告書－第54期(2023/04/01－2024/03/31),1,1
E00041,石油資源開発株式会社,S100W2QE,2025-03-31,2025-06-23 15:36,有価証券報告書－第55期(2024/04/01－2025/03/31),1,1
E00041,石油資源開発株式会社,S100YERU,2026-03-31,2026-06-19 15:21,有価証券報告書－第56期(2025/04/01－2026/03/31),1,1
E00043,国際石油開発帝石株式会社,S100L16P,2020-12-31,2021-03-26 13:10,有価証券報告書－第15期(令和2年1月1日－令和2年12月31日),1,1
E00043,株式会社ＩＮＰＥＸ,S100NQB5,2021-12-31,2022-03-28 11:22,有価証券報告書－第16期(令和3年1月1日－令和3年12月31日),1,1
E00043,株式会社ＩＮＰＥＸ,S100QH2B,2022-12-31,2023-03-29 13:06,有価証券報告書－第17期(2022/01/01－2022/12/31),1,1
E00043,株式会社ＩＮＰＥＸ,S100T4RJ,2023-12-31,2024-03-27 13:04,有価証券報告書－第18期(2023/01/01－2023/12/31),1,1
E00043,株式会社ＩＮＰＥＸ,S100VIRD,2024-12-31,2025-03-31 14:18,有価証券報告書－第19期(2024/01/01－2024/12/31),1,1
E00043,株式会社ＩＮＰＥＸ,S100XU9L,2025-12-31,2026-03-26 15:17,有価証券報告書－第20期(2025/01/01－2025/12/31),1,1
E00052,大成建設株式会社,S100LMW1,2021-03-31,2021-06-28 11:11,有価証券報告書－第161期(令和2年4月1日－令和3年3月31日),1,1
E00052,大成建設株式会社,S100OB6L,2022-03-31,2022-06-29 13:34,有価証券報告書－第162期(令和3年4月1日－令和4年3月31日),1,1
E00052,大成建設株式会社,S100R0RE,2023-03-31,2023-06-28 13:12,有価証券報告書－第163期(2022/04/01－2023/03/31),1,1
E00052,大成建設株式会社,S100TL7V,2024-03-31,2024-06-21 11:02,有価証券報告書－第164期(2023/04/01－2024/03/31),1,1
E00052,大成建設株式会社,S100VY00,2025-03-31,2025-06-17 11:04,有価証券報告書－第165期(2024/04/01－2025/03/31),1,1
E00052,大成建設株式会社,S100YBGF,2026-03-31,2026-06-16 11:04,有価証券報告書－第166期(2025/04/01－2026/03/31),1,1
E00053,清水建設株式会社,S100LSED,2021-03-31,2021-06-29 15:58,有価証券報告書－第119期(令和2年4月1日－令和3年3月31日),1,1
E00053,清水建設株式会社,S100OG9M,2022-03-31,2022-06-29 16:24,有価証券報告書－第120期(令和3年4月1日－令和4年3月31日),1,1
E00053,清水建設株式会社,S100R7BX,2023-03-31,2023-06-29 14:48,有価証券報告書－第121期(2022/04/01－2023/03/31),1,1
E00053,清水建設株式会社,S100TSMP,2024-03-31,2024-06-27 15:39,有価証券報告書－第122期(2023/04/01－2024/03/31),1,1
E00053,清水建設株式会社,S100W7C5,2025-03-31,2025-06-27 16:05,有価証券報告書－第123期(2024/04/01－2025/03/31),1,1
E00053,清水建設株式会社,S100YDXD,2026-03-31,2026-06-22 13:35,有価証券報告書－第124期(2025/04/01－2026/03/31),1,1
E00055,株式会社大林組,S100LORK,2021-03-31,2021-06-25 10:05,有価証券報告書－第117期(令和2年4月1日－令和3年3月31日),1,1
E00055,株式会社大林組,S100OE64,2022-03-31,2022-06-24 09:29,有価証券報告書－第118期(令和3年4月1日－令和4年3月31日),1,1
E00055,株式会社大林組,S100R95O,2023-03-31,2023-06-29 15:42,有価証券報告書－第119期(2022/04/01－2023/03/31),1,1
E00055,株式会社大林組,S100TXH2,2024-03-31,2024-06-28 10:55,有価証券報告書－第120期(2023/04/01－2024/03/31),1,1
E00055,株式会社大林組,S100W0FJ,2025-03-31,2025-06-19 16:20,有価証券報告書－第121期(2024/04/01－2025/03/31),1,1
E00055,株式会社大林組,S100YITC,2026-03-31,2026-06-24 11:16,有価証券報告書－第122期(2025/04/01－2026/03/31),1,1
E00058,鹿島建設株式会社,S100LN57,2021-03-31,2021-06-28 10:20,有価証券報告書－第124期(令和2年4月1日－令和3年3月31日),1,1
E00058,鹿島建設株式会社,S100OBLA,2022-03-31,2022-06-29 10:04,有価証券報告書－第125期(令和3年4月1日－令和4年3月31日),1,1
E00058,鹿島建設株式会社,S100R2GR,2023-03-31,2023-06-29 10:54,有価証券報告書－第126期(2022/04/01－2023/03/31),1,1
E00058,鹿島建設株式会社,S100TP3I,2024-03-31,2024-06-26 10:05,有価証券報告書－第127期(2023/04/01－2024/03/31),1,1
E00058,鹿島建設株式会社,S100W14C,2025-03-31,2025-06-25 10:17,有価証券報告書－第128期(2024/04/01－2025/03/31),1,1
E00058,鹿島建設株式会社,S100YGGI,2026-03-31,2026-06-24 10:22,有価証券報告書－第129期(2025/04/01－2026/03/31),1,1
E00090,株式会社　長谷工コーポレーション,S100LUVF,2021-03-31,2021-06-29 15:42,有価証券報告書－第104期(令和2年4月1日－令和3年3月31日),1,1
E00090,株式会社　長谷工コーポレーション,S100OJQ2,2022-03-31,2022-06-29 16:13,有価証券報告書－第105期(令和3年4月1日－令和4年3月31日),1,1
E00090,株式会社　長谷工コーポレーション,S100R9ZC,2023-03-31,2023-06-29 16:27,有価証券報告書－第106期(2022/04/01－2023/03/31),1,1
E00090,株式会社　長谷工コーポレーション,S100TQ78,2024-03-31,2024-06-27 15:37,有価証券報告書－第107期(2023/04/01－2024/03/31),1,1
E00090,株式会社　長谷工コーポレーション,S100W5AH,2025-03-31,2025-06-26 10:00,有価証券報告書－第108期(2024/04/01－2025/03/31),1,1
E00090,株式会社　長谷工コーポレーション,S100YJVQ,2026-03-31,2026-06-25 10:34,有価証券報告書－第109期(2025/04/01－2026/03/31),1,1
E00334,日本ハム株式会社,S100LME5,2021-03-31,2021-06-25 11:10,有価証券報告書－第76期(令和2年4月1日－令和3年3月31日),1,1
E00334,日本ハム株式会社,S100OCRO,2022-03-31,2022-06-27 10:05,有価証券報告書－第77期(令和3年4月1日－令和4年3月31日),1,1
E00334,日本ハム株式会社,S100R1UE,2023-03-31,2023-06-28 10:42,有価証券報告書－第78期(2022/04/01－2023/03/31),1,1
E00334,日本ハム株式会社,S100TOJ7,2024-03-31,2024-06-26 11:14,有価証券報告書－第79期(2023/04/01－2024/03/31),1,1
E00334,日本ハム株式会社,S100VYMP,2025-03-31,2025-06-24 10:21,有価証券報告書－第80期(2024/04/01－2025/03/31),1,1
E00334,日本ハム株式会社,S100YEEQ,2026-03-31,2026-06-23 10:48,有価証券報告書－第81期(2025/04/01－2026/03/31),1,1
E00394,アサヒグループホールディングス株式会社,S100L1BN,2020-12-31,2021-03-26 11:38,有価証券報告書－第97期(令和2年1月1日－令和2年12月31日),1,1
E00394,アサヒグループホールディングス株式会社,S100NQO3,2021-12-31,2022-03-28 14:57,有価証券報告書－第98期(令和3年1月1日－令和3年12月31日),1,1
E00394,アサヒグループホールディングス株式会社,S100QG09,2022-12-31,2023-03-29 14:50,有価証券報告書－第99期(2022/01/01－2022/12/31),1,1
E00394,アサヒグループホールディングス株式会社,S100T4G7,2023-12-31,2024-03-27 15:00,有価証券報告書－第100期(2023/01/01－2023/12/31),1,1
E00394,アサヒグループホールディングス株式会社,S100VHC1,2024-12-31,2025-03-27 15:30,有価証券報告書－第101期(2024/01/01－2024/12/31),1,1
E00395,キリンホールディングス株式会社,S100L1A8,2020-12-31,2021-03-30 13:48,有価証券報告書－第182期(令和2年1月1日－令和2年12月31日),1,1
E00395,キリンホールディングス株式会社,S100NR8P,2021-12-31,2022-03-30 15:22,有価証券報告書－第183期(令和3年1月1日－令和3年12月31日),1,1
E00395,キリンホールディングス株式会社,S100QFXL,2022-12-31,2023-03-30 15:07,有価証券報告書－第184期(2022/01/01－2022/12/31),1,1
E00395,キリンホールディングス株式会社,S100T4MO,2023-12-31,2024-03-28 15:14,有価証券報告書－第185期(2023/01/01－2023/12/31),1,1
E00395,キリンホールディングス株式会社,S100VH7L,2024-12-31,2025-03-28 15:07,有価証券報告書－第186期(2024/01/01－2024/12/31),1,1
E00395,キリンホールディングス株式会社,S100XTVS,2025-12-31,2026-03-27 15:06,有価証券報告書－第187期(2025/01/01－2025/12/31),1,1
E00436,味の素株式会社,S100LN4K,2021-03-31,2021-06-23 14:21,有価証券報告書－第143期(令和2年4月1日－令和3年3月31日),1,1
E00436,味の素株式会社,S100ODMQ,2022-03-31,2022-06-23 13:25,有価証券報告書－第144期(令和3年4月1日－令和4年3月31日),1,1
E00436,味の素株式会社,S100R42S,2023-03-31,2023-06-27 14:21,有価証券報告書－第145期(2022/04/01－2023/03/31),1,1
E00436,味の素株式会社,S100TNWR,2024-03-31,2024-06-25 14:09,有価証券報告書－第146期(2023/04/01－2024/03/31),1,1
E00436,味の素株式会社,S100VXJA,2025-03-31,2025-06-18 09:39,有価証券報告書－第147期(2024/04/01－2025/03/31),1,1
E00436,味の素株式会社,S100Y992,2026-03-31,2026-06-12 13:17,有価証券報告書－第148期(2025/04/01－2026/03/31),1,1
E00457,日清食品ホールディングス株式会社,S100LPF9,2021-03-31,2021-06-25 12:22,有価証券報告書－第73期(令和2年4月1日－令和3年3月31日),1,1
E00457,日清食品ホールディングス株式会社,S100OHVE,2022-03-31,2022-06-28 12:23,有価証券報告書－第74期(令和3年4月1日－令和4年3月31日),1,1
E00457,日清食品ホールディングス株式会社,S100R5TO,2023-03-31,2023-06-28 12:14,有価証券報告書－第75期(2022/04/01－2023/03/31),1,1
E00457,日清食品ホールディングス株式会社,S100TR1G,2024-03-31,2024-06-26 13:12,有価証券報告書－第76期(2023/04/01－2024/03/31),1,1
E00457,日清食品ホールディングス株式会社,S100W2GG,2025-03-31,2025-06-24 12:01,有価証券報告書－第77期(2024/04/01－2025/03/31),1,1
E00457,日清食品ホールディングス株式会社,S100YEWB,2026-03-31,2026-06-22 12:01,有価証券報告書－第78期(2025/04/01－2026/03/31),1,1
E00525,東洋紡株式会社,S100LOFX,2021-03-31,2021-06-24 11:31,有価証券報告書－第163期(令和2年4月1日－令和3年3月31日),1,1
E00525,東洋紡株式会社,S100OEBV,2022-03-31,2022-06-24 13:16,有価証券報告書－第164期(令和3年4月1日－令和4年3月31日),1,1
E00525,東洋紡株式会社,S100R630,2023-03-31,2023-06-28 13:05,有価証券報告書－第165期(2022/04/01－2023/03/31),1,1
E00525,東洋紡株式会社,S100TRUU,2024-03-31,2024-06-25 13:00,有価証券報告書－第166期(2023/04/01－2024/03/31),1,1
E00525,東洋紡株式会社,S100W28Y,2025-03-31,2025-06-24 17:00,有価証券報告書－第167期(2024/04/01－2025/03/31),1,1
E00525,東洋紡株式会社,S100YGRC,2026-03-31,2026-06-23 17:00,有価証券報告書－第168期(2025/04/01－2026/03/31),1,1
E00528,倉敷紡績株式会社,S100LRIN,2021-03-31,2021-06-29 13:46,有価証券報告書－第213期(令和2年4月1日－令和3年3月31日),1,1
E00528,倉敷紡績株式会社,S100OGTM,2022-03-31,2022-06-29 13:54,有価証券報告書－第214期(令和3年4月1日－令和4年3月31日),1,1
E00528,倉敷紡績株式会社,S100R74D,2023-03-31,2023-06-29 13:25,有価証券報告書－第215期(2022/04/01－2023/03/31),1,1
E00528,倉敷紡績株式会社,S100TQE0,2024-03-31,2024-06-25 14:03,有価証券報告書－第216期(2023/04/01－2024/03/31),1,1
E00528,倉敷紡績株式会社,S100W3NJ,2025-03-31,2025-06-24 13:02,有価証券報告書－第217期(2024/04/01－2025/03/31),1,1
E00528,倉敷紡績株式会社,S100YIYE,2026-03-31,2026-06-25 13:02,有価証券報告書－第218期(2025/04/01－2026/03/31),1,1
E00642,王子ホールディングス株式会社,S100LTXX,2021-03-31,2021-06-29 14:01,有価証券報告書－第97期(令和2年4月1日－令和3年3月31日),1,1
E00642,王子ホールディングス株式会社,S100OK9E,2022-03-31,2022-06-29 14:02,有価証券報告書－第98期(令和3年4月1日－令和4年3月31日),1,1
E00642,王子ホールディングス株式会社,S100R87F,2023-03-31,2023-06-29 14:00,有価証券報告書－第99期(2022/04/01－2023/03/31),1,1
E00642,王子ホールディングス株式会社,S100TW27,2024-03-31,2024-06-27 14:00,有価証券報告書－第100期(2023/04/01－2024/03/31),1,1
E00642,王子ホールディングス株式会社,S100W463,2025-03-31,2025-06-26 16:06,有価証券報告書－第101期(2024/04/01－2025/03/31),1,1
E00642,王子ホールディングス株式会社,S100YJ8J,2026-03-31,2026-06-25 16:09,有価証券報告書－第102期(2025/04/01－2026/03/31),1,1
E00659,レンゴー株式会社,S100LIS5,2021-03-31,2021-06-30 09:05,有価証券報告書－第153期(令和2年4月1日－令和3年3月31日),1,1
E00659,レンゴー株式会社,S100OJ6E,2022-03-31,2022-06-30 09:08,有価証券報告書－第154期(令和3年4月1日－令和4年3月31日),1,1
E00659,レンゴー株式会社,S100R69D,2023-03-31,2023-06-30 09:15,有価証券報告書－第155期(2022/04/01－2023/03/31),1,1
E00659,レンゴー株式会社,S100TURF,2024-03-31,2024-06-28 09:13,有価証券報告書－第156期(2023/04/01－2024/03/31),1,1
E00659,レンゴー株式会社,S100W3X3,2025-03-31,2025-06-26 11:54,有価証券報告書－第157期(2024/04/01－2025/03/31),1,1
E00659,レンゴー株式会社,S100YI9N,2026-03-31,2026-06-25 09:21,有価証券報告書－第158期(2025/04/01－2026/03/31),1,1
E00693,大日本印刷株式会社,S100LL3T,2021-03-31,2021-06-29 15:40,有価証券報告書－第127期(令和2年4月1日－令和3年3月31日),1,1
E00693,大日本印刷株式会社,S100ODSV,2022-03-31,2022-06-29 15:22,有価証券報告書－第128期(令和3年4月1日－令和4年3月31日),1,1
E00693,大日本印刷株式会社,S100R1TC,2023-03-31,2023-06-29 15:00,有価証券報告書－第129期(2022/04/01－2023/03/31),1,1
E00693,大日本印刷株式会社,S100TT53,2024-03-31,2024-06-27 15:05,有価証券報告書－第130期(2023/04/01－2024/03/31),1,1
E00693,大日本印刷株式会社,S100W0RF,2025-03-31,2025-06-24 15:55,有価証券報告書－第131期(2024/04/01－2025/03/31),1,1
E00693,大日本印刷株式会社,S100YF74,2026-03-31,2026-06-23 15:57,有価証券報告書－第132期(2025/04/01－2026/03/31),1,1
E00752,住友化学株式会社,S100LJNG,2021-03-31,2021-06-23 15:27,有価証券報告書－第140期(令和2年4月1日－令和3年3月31日),1,1
E00752,住友化学株式会社,S100O9HK,2022-03-31,2022-06-23 15:30,有価証券報告書－第141期(令和3年4月1日－令和4年3月31日),1,1
E00752,住友化学株式会社,S100QXTB,2023-03-31,2023-06-21 15:18,有価証券報告書－第142期(2022/04/01－2023/03/31),1,1
E00752,住友化学株式会社,S100TMMW,2024-03-31,2024-06-21 15:28,有価証券報告書－第143期(2023/04/01－2024/03/31),1,1
E00752,住友化学株式会社,S100VXZW,2025-03-31,2025-06-20 15:20,有価証券報告書－第144期(2024/04/01－2025/03/31),1,1
E00752,住友化学株式会社,S100YAUO,2026-03-31,2026-06-22 15:18,有価証券報告書－第145期(2025/04/01－2026/03/31),1,1
E00776,信越化学工業株式会社,S100LV8Y,2021-03-31,2021-06-30 11:14,有価証券報告書－第144期(令和2年4月1日－令和3年3月31日),1,1
E00776,信越化学工業株式会社,S100OLVL,2022-03-31,2022-06-30 10:13,有価証券報告書－第145期(令和3年4月1日－令和4年3月31日),1,1
E00776,信越化学工業株式会社,S100R9Y6,2023-03-31,2023-06-30 10:13,有価証券報告書－第146期(2022/04/01－2023/03/31),1,1
E00776,信越化学工業株式会社,S100TO0V,2024-03-31,2024-06-20 10:18,有価証券報告書－第147期(2023/04/01－2024/03/31),1,1
E00776,信越化学工業株式会社,S100W0RG,2025-03-31,2025-06-20 10:18,有価証券報告書－第148期(2024/04/01－2025/03/31),1,1
E00776,信越化学工業株式会社,S100YE9I,2026-03-31,2026-06-19 10:18,有価証券報告書－第149期(2025/04/01－2026/03/31),1,1
E00808,株式会社三菱ケミカルホールディングス,S100LP98,2021-03-31,2021-06-24 14:41,有価証券報告書－第16期(令和2年4月1日－令和3年3月31日),1,1
E00808,株式会社三菱ケミカルホールディングス,S100OG52,2022-03-31,2022-06-24 16:19,有価証券報告書－第17期(令和3年4月1日－令和4年3月31日),1,1
E00808,三菱ケミカルグループ株式会社,S100R4IA,2023-03-31,2023-06-27 15:09,有価証券報告書－第18期(2022/04/01－2023/03/31),1,1
E00808,三菱ケミカルグループ株式会社,S100TRLF,2024-03-31,2024-06-25 14:02,有価証券報告書－第19期(2023/04/01－2024/03/31),1,1
E00808,三菱ケミカルグループ株式会社,S100W27P,2025-03-31,2025-06-23 15:05,有価証券報告書－第20期(2024/04/01－2025/03/31),1,1
E00808,三菱ケミカルグループ株式会社,S100YFSR,2026-03-31,2026-06-22 14:48,有価証券報告書－第21期(2025/04/01－2026/03/31),1,1
E00816,協和キリン株式会社,S100KWXR,2020-12-31,2021-03-09 15:31,有価証券報告書－第98期(令和2年1月1日－令和2年12月31日),1,1
E00816,協和キリン株式会社,S100NMKA,2021-12-31,2022-03-08 15:30,有価証券報告書－第99期(令和3年1月1日－令和3年12月31日),1,1
E00816,協和キリン株式会社,S100QCX2,2022-12-31,2023-03-09 15:32,有価証券報告書－第100期(2022/01/01－2022/12/31),1,1
E00816,協和キリン株式会社,S100T1DP,2023-12-31,2024-03-12 15:30,有価証券報告書－第101期(2023/01/01－2023/12/31),1,1
E00816,協和キリン株式会社,S100VDMK,2024-12-31,2025-03-11 15:31,有価証券報告書－第102期(2024/01/01－2024/12/31),1,1
E00816,協和キリン株式会社,S100XPTY,2025-12-31,2026-03-10 15:30,有価証券報告書－第103期(2025/01/01－2025/12/31),1,1
E00872,帝人株式会社,S100LLCD,2021-03-31,2021-06-23 15:40,有価証券報告書－第155期(令和2年4月1日－令和3年3月31日),1,1
E00872,帝人株式会社,S100O9JF,2022-03-31,2022-06-22 16:25,有価証券報告書－第156期(令和3年4月1日－令和4年3月31日),1,1
E00872,帝人株式会社,S100QZX0,2023-03-31,2023-06-21 14:10,有価証券報告書－第157期(2022/04/01－2023/03/31),1,1
E00872,帝人株式会社,S100TO4E,2024-03-31,2024-06-20 16:36,有価証券報告書－第158期(2023/04/01－2024/03/31),1,1
E00872,帝人株式会社,S100W4FO,2025-03-31,2025-06-25 16:04,有価証券報告書－第159期(2024/04/01－2025/03/31),1,1
E00872,帝人株式会社,S100YCMK,2026-03-31,2026-06-18 15:04,有価証券報告書－第160期(2025/04/01－2026/03/31),1,1
E00873,東レ株式会社,S100LLB7,2021-03-31,2021-06-22 16:05,有価証券報告書－第140期(令和2年4月1日－令和3年3月31日),1,1
E00873,東レ株式会社,S100OCUC,2022-03-31,2022-06-23 16:21,有価証券報告書－第141期(令和3年4月1日－令和4年3月31日),1,1
E00873,東レ株式会社,S100R32F,2023-03-31,2023-06-27 16:04,有価証券報告書－第142期(2022/04/01－2023/03/31),1,1
E00873,東レ株式会社,S100TPXK,2024-03-31,2024-06-25 15:22,有価証券報告書－第143期(2023/04/01－2024/03/31),1,1
E00873,東レ株式会社,S100W2HQ,2025-03-31,2025-06-24 13:09,有価証券報告書－第144期(2024/04/01－2025/03/31),1,1
E00873,東レ株式会社,S100YFG9,2026-03-31,2026-06-22 13:16,有価証券報告書－第145期(2025/04/01－2026/03/31),1,1
E00876,株式会社クラレ,S100L0GG,2020-12-31,2021-03-25 14:06,有価証券報告書－第140期(令和2年1月1日－令和2年12月31日),1,1
E00876,株式会社クラレ,S100NPXO,2021-12-31,2022-03-24 15:36,有価証券報告書－第141期(令和3年1月1日－令和3年12月31日),1,1
E00876,株式会社クラレ,S100QH26,2022-12-31,2023-03-29 15:53,有価証券報告書－第142期(2022/01/01－2022/12/31),1,1
E00876,株式会社クラレ,S100T5BD,2023-12-31,2024-03-27 15:52,有価証券報告書－第143期(2023/01/01－2023/12/31),1,1
E00876,株式会社クラレ,S100VGVW,2024-12-31,2025-03-27 15:35,有価証券報告書－第144期(2024/01/01－2024/12/31),1,1
E00876,株式会社クラレ,S100XSSZ,2025-12-31,2026-03-25 16:52,有価証券報告書－第145期(2025/01/01－2025/12/31),1,1
E00877,旭化成株式会社,S100LNZQ,2021-03-31,2021-06-25 14:42,有価証券報告書－第130期(令和2年4月1日－令和3年3月31日),1,1
E00877,旭化成株式会社,S100OCR3,2022-03-31,2022-06-24 14:21,有価証券報告書－第131期(令和3年4月1日－令和4年3月31日),1,1
E00877,旭化成株式会社,S100R509,2023-03-31,2023-06-27 16:33,有価証券報告書－第132期(2022/04/01－2023/03/31),1,1
E00877,旭化成株式会社,S100TQ91,2024-03-31,2024-06-25 16:01,有価証券報告書－第133期(2023/04/01－2024/03/31),1,1
E00877,旭化成株式会社,S100W2HS,2025-03-31,2025-06-25 13:50,有価証券報告書－第134期(2024/04/01－2025/03/31),1,1
E00877,旭化成株式会社,S100YGRD,2026-03-31,2026-06-24 13:25,有価証券報告書－第135期(2025/04/01－2026/03/31),1,1
E00919,武田薬品工業株式会社,S100LR7D,2021-03-31,2021-06-29 14:30,有価証券報告書－第144期(令和2年4月1日－令和3年3月31日),1,1
E00919,武田薬品工業株式会社,S100OBQE,2022-03-31,2022-06-29 16:06,有価証券報告書－第145期(令和3年4月1日－令和4年3月31日),1,1
E00919,武田薬品工業株式会社,S100R3K7,2023-03-31,2023-06-28 16:01,有価証券報告書－第146期(2022/04/01－2023/03/31),1,1
E00919,武田薬品工業株式会社,S100TNTP,2024-03-31,2024-06-26 16:01,有価証券報告書－第147期(2023/04/01－2024/03/31),1,1
E00919,武田薬品工業株式会社,S100W07G,2025-03-31,2025-06-25 16:31,有価証券報告書－第148期(2024/04/01－2025/03/31),1,1
E00919,武田薬品工業株式会社,S100YB5L,2026-03-31,2026-06-17 15:34,有価証券報告書－第149期(2025/04/01－2026/03/31),1,1
E00920,アステラス製薬株式会社,S100LIQN,2021-03-31,2021-06-18 16:11,有価証券報告書－第16期(令和2年4月1日－令和3年3月31日),1,1
E00920,アステラス製薬株式会社,S100O9T7,2022-03-31,2022-06-20 16:42,有価証券報告書－第17期(令和3年4月1日－令和4年3月31日),1,1
E00920,アステラス製薬株式会社,S100R0I6,2023-03-31,2023-06-22 15:55,有価証券報告書－第18期(2022/04/01－2023/03/31),1,1
E00920,アステラス製薬株式会社,S100TNPZ,2024-03-31,2024-06-20 16:19,有価証券報告書－第19期(2023/04/01－2024/03/31),1,1
E00920,アステラス製薬株式会社,S100VXR3,2025-03-31,2025-06-16 13:09,有価証券報告書－第20期(2024/04/01－2025/03/31),1,1
E00920,アステラス製薬株式会社,S100YBPK,2026-03-31,2026-06-16 15:09,有価証券報告書－第21期(2025/04/01－2026/03/31),1,1
E00923,塩野義製薬株式会社,S100LMYP,2021-03-31,2021-06-23 10:30,有価証券報告書－第156期(令和2年4月1日－令和3年3月31日),1,1
E00923,塩野義製薬株式会社,S100OE0D,2022-03-31,2022-06-24 11:11,有価証券報告書－第157期(令和3年4月1日－令和4年3月31日),1,1
E00923,塩野義製薬株式会社,S100R105,2023-03-31,2023-06-22 14:14,有価証券報告書－第158期(2022/04/01－2023/03/31),1,1
E00923,塩野義製薬株式会社,S100TPGD,2024-03-31,2024-06-21 11:24,有価証券報告書－第159期(2023/04/01－2024/03/31),1,1
E00923,塩野義製薬株式会社,S100VZCM,2025-03-31,2025-06-19 16:10,有価証券報告書－第160期(2024/04/01－2025/03/31),1,1
E00923,塩野義製薬株式会社,S100YF57,2026-03-31,2026-06-19 11:58,有価証券報告書－第161期(2025/04/01－2026/03/31),1,1
E00932,中外製薬株式会社,S100KZU5,2020-12-31,2021-03-23 16:13,有価証券報告書－第110期(令和2年1月1日－令和2年12月31日),1,1
E00932,中外製薬株式会社,S100NR8W,2021-12-31,2022-03-29 16:08,有価証券報告書－第111期(令和3年1月1日－令和3年12月31日),1,1
E00932,中外製薬株式会社,S100QH69,2022-12-31,2023-03-30 16:06,有価証券報告書－第112期(2022/01/01－2022/12/31),1,1
E00932,中外製薬株式会社,S100T5H8,2023-12-31,2024-03-28 15:49,有価証券報告書－第113期(2023/01/01－2023/12/31),1,1
E00932,中外製薬株式会社,S100VHBT,2024-12-31,2025-03-27 15:48,有価証券報告書－第114期(2024/01/01－2024/12/31),1,1
E00932,中外製薬株式会社,S100XTBJ,2025-12-31,2026-03-25 15:42,有価証券報告書－第115期(2025/01/01－2025/12/31),1,1
E00939,エーザイ株式会社,S100LKNM,2021-03-31,2021-06-18 15:33,有価証券報告書－第109期(令和2年4月1日－令和3年3月31日),1,1
E00939,エーザイ株式会社,S100O9U7,2022-03-31,2022-06-17 15:02,有価証券報告書－第110期(令和3年4月1日－令和4年3月31日),1,1
E00939,エーザイ株式会社,S100R09Z,2023-03-31,2023-06-21 14:49,有価証券報告書－第111期(2022/04/01－2023/03/31),1,1
E00939,エーザイ株式会社,S100TM93,2024-03-31,2024-06-14 15:07,有価証券報告書－第112期(2023/04/01－2024/03/31),1,1
E00939,エーザイ株式会社,S100VXIO,2025-03-31,2025-06-13 11:28,有価証券報告書－第113期(2024/04/01－2025/03/31),1,1
E00939,エーザイ株式会社,S100YB05,2026-03-31,2026-06-12 09:48,有価証券報告書－第114期(2025/04/01－2026/03/31),1,1
E00984,第一三共株式会社,S100LKS9,2021-03-31,2021-06-21 16:49,有価証券報告書－第16期(令和2年4月1日－令和3年3月31日),1,1
E00984,第一三共株式会社,S100ODRB,2022-03-31,2022-06-27 15:18,有価証券報告書－第17期(令和3年4月1日－令和4年3月31日),1,1
E00984,第一三共株式会社,S100QYCY,2023-03-31,2023-06-19 14:54,有価証券報告書－第18期(2022/04/01－2023/03/31),1,1
E00984,第一三共株式会社,S100TLVV,2024-03-31,2024-06-17 15:11,有価証券報告書－第19期(2023/04/01－2024/03/31),1,1
E00984,第一三共株式会社,S100W17I,2025-03-31,2025-06-20 14:19,有価証券報告書－第20期(2024/04/01－2025/03/31),1,1
E00984,第一三共株式会社,S100YEY0,2026-03-31,2026-06-19 12:57,有価証券報告書－第21期(2025/04/01－2026/03/31),1,1
E00988,富士フイルムホールディングス株式会社,S100LV2D,2021-03-31,2021-06-30 12:51,有価証券報告書－第125期(令和2年4月1日－令和3年3月31日),1,1
E00988,富士フイルムホールディングス株式会社,S100OLEH,2022-03-31,2022-06-30 13:18,有価証券報告書－第126期(令和3年4月1日－令和4年3月31日),1,1
E00988,富士フイルムホールディングス株式会社,S100R9YB,2023-03-31,2023-06-30 13:10,有価証券報告書－第127期(2022/04/01－2023/03/31),1,1
E00988,富士フイルムホールディングス株式会社,S100TWKF,2024-03-31,2024-06-28 15:10,有価証券報告書－第128期(2023/04/01－2024/03/31),1,1
E00988,富士フイルムホールディングス株式会社,S100W3XJ,2025-03-31,2025-06-25 16:24,有価証券報告書－第129期(2024/04/01－2025/03/31),1,1
E00988,富士フイルムホールディングス株式会社,S100YIBH,2026-03-31,2026-06-24 15:49,有価証券報告書－第130期(2025/04/01－2026/03/31),1,1
E01084,出光興産株式会社,S100LLT7,2021-03-31,2021-06-23 15:01,有価証券報告書－第106期(令和2年4月1日－令和3年3月31日),1,1
E01084,出光興産株式会社,S100OCR5,2022-03-31,2022-06-23 15:07,有価証券報告書－第107期(令和3年4月1日－令和4年3月31日),1,1
E01084,出光興産株式会社,S100R0S2,2023-03-31,2023-06-22 15:10,有価証券報告書－第108期(2022/04/01－2023/03/31),1,1
E01084,出光興産株式会社,S100TQXR,2024-03-31,2024-06-25 15:09,有価証券報告書－第109期(2023/04/01－2024/03/31),1,1
E01084,出光興産株式会社,S100VZEN,2025-03-31,2025-06-19 15:33,有価証券報告書－第110期(2024/04/01－2025/03/31),1,1
E01084,出光興産株式会社,S100YCS3,2026-03-31,2026-06-17 16:08,有価証券報告書－第111期(2025/04/01－2026/03/31),1,1
E01085,横浜ゴム株式会社,S100L1QK,2020-12-31,2021-03-30 14:52,有価証券報告書－第145期(令和2年1月1日－令和2年12月31日),1,1
E01085,横浜ゴム株式会社,S100NR1D,2021-12-31,2022-03-30 15:14,有価証券報告書－第146期(令和3年1月1日－令和3年12月31日),1,1
E01085,横浜ゴム株式会社,S100QG3Z,2022-12-31,2023-03-30 15:27,有価証券報告書－第147期(2022/01/01－2022/12/31),1,1
E01085,横浜ゴム株式会社,S100T56Z,2023-12-31,2024-03-28 15:33,有価証券報告書－第148期(2023/01/01－2023/12/31),1,1
E01085,横浜ゴム株式会社,S100VGWO,2024-12-31,2025-03-28 15:39,有価証券報告書－第149期(2024/01/01－2024/12/31),1,1
E01085,横浜ゴム株式会社,S100XSMJ,2025-12-31,2026-03-25 15:11,有価証券報告書－第150期(2025/01/01－2025/12/31),1,1
E01086,株式会社ブリヂストン,S100L1BS,2020-12-31,2021-03-26 15:27,有価証券報告書－第102期(令和2年1月1日－令和2年12月31日),1,1
E01086,株式会社ブリヂストン,S100NPDW,2021-12-31,2022-03-23 15:11,有価証券報告書－第103期(令和3年1月1日－令和3年12月31日),1,1
E01086,株式会社ブリヂストン,S100QFJW,2022-12-31,2023-03-28 16:33,有価証券報告書－第104期(2022/01/01－2022/12/31),1,1
E01086,株式会社ブリヂストン,S100T41V,2023-12-31,2024-03-26 15:20,有価証券報告書－第105期(2023/01/01－2023/12/31),1,1
E01086,株式会社ブリヂストン,S100VGBM,2024-12-31,2025-03-25 15:54,有価証券報告書－第106期(2024/01/01－2024/12/31),1,1
E01086,株式会社ブリヂストン,S100XRPR,2025-12-31,2026-03-18 15:24,有価証券報告書－第107期(2025/01/01－2025/12/31),1,1
E01090,ＴＯＹＯ　ＴＩＲＥ株式会社,S100L2PW,2020-12-31,2021-03-30 14:07,有価証券報告書－第105期(令和2年1月1日－令和2年12月31日),1,1
E01090,ＴＯＹＯ　ＴＩＲＥ株式会社,S100NQNK,2021-12-31,2022-03-25 15:05,有価証券報告書－第106期(令和3年1月1日－令和3年12月31日),1,1
E01090,ＴＯＹＯ　ＴＩＲＥ株式会社,S100QH8R,2022-12-31,2023-03-29 13:58,有価証券報告書－第107期(2022/01/01－2022/12/31),1,1
E01090,ＴＯＹＯ　ＴＩＲＥ株式会社,S100T4F2,2023-12-31,2024-03-27 13:32,有価証券報告書－第108期(2023/01/01－2023/12/31),1,1
E01090,ＴＯＹＯ　ＴＩＲＥ株式会社,S100VGMV,2024-12-31,2025-03-26 13:54,有価証券報告書－第109期(2024/01/01－2024/12/31),1,1
E01090,ＴＯＹＯ　ＴＩＲＥ株式会社,S100XTYE,2025-12-31,2026-03-26 11:44,有価証券報告書－第110期(2025/01/01－2025/12/31),1,1
E01122,ＡＧＣ株式会社,S100L1UZ,2020-12-31,2021-03-30 13:05,有価証券報告書－第96期(令和2年1月1日－令和2年12月31日),1,1
E01122,ＡＧＣ株式会社,S100NRWR,2021-12-31,2022-03-30 14:03,有価証券報告書－第97期(令和3年1月1日－令和3年12月31日),1,1
E01122,ＡＧＣ株式会社,S100QHOF,2022-12-31,2023-03-30 14:03,有価証券報告書－第98期(2022/01/01－2022/12/31),1,1
E01122,ＡＧＣ株式会社,S100T59J,2023-12-31,2024-03-28 14:03,有価証券報告書－第99期(2023/01/01－2023/12/31),1,1
E01122,ＡＧＣ株式会社,S100VI0L,2024-12-31,2025-03-28 14:03,有価証券報告書－第100期(2024/01/01－2024/12/31),1,1
E01122,ＡＧＣ株式会社,S100XSTU,2025-12-31,2026-03-24 13:32,有価証券報告書－第101期(2025/01/01－2025/12/31),1,1
E01130,太平洋セメント株式会社,S100LSJ9,2021-03-31,2021-06-30 13:26,有価証券報告書－第23期(令和2年4月1日－令和3年3月31日),1,1
E01130,太平洋セメント株式会社,S100OE74,2022-03-31,2022-06-30 10:47,有価証券報告書－第24期(令和3年4月1日－令和4年3月31日),1,1
E01130,太平洋セメント株式会社,S100R6EO,2023-03-31,2023-06-30 10:28,有価証券報告書－第25期(2022/04/01－2023/03/31),1,1
E01130,太平洋セメント株式会社,S100TX6P,2024-03-31,2024-06-28 11:11,有価証券報告書－第26期(2023/04/01－2024/03/31),1,1
E01130,太平洋セメント株式会社,S100W47L,2025-03-31,2025-06-26 09:35,有価証券報告書－第27期(2024/04/01－2025/03/31),1,1
E01130,太平洋セメント株式会社,S100YJYE,2026-03-31,2026-06-25 10:34,有価証券報告書－第28期(2025/04/01－2026/03/31),1,1
E01138,ＴＯＴＯ株式会社,S100LQEI,2021-03-31,2021-06-25 15:06,有価証券報告書－第155期(令和2年4月1日－令和3年3月31日),1,1
E01138,ＴＯＴＯ株式会社,S100ODD3,2022-03-31,2022-06-24 15:04,有価証券報告書－第156期(令和3年4月1日－令和4年3月31日),1,1
E01138,ＴＯＴＯ株式会社,S100R4UY,2023-03-31,2023-06-27 15:01,有価証券報告書－第157期(2022/04/01－2023/03/31),1,1
E01138,ＴＯＴＯ株式会社,S100TRCX,2024-03-31,2024-06-25 15:03,有価証券報告書－第158期(2023/04/01－2024/03/31),1,1
E01138,ＴＯＴＯ株式会社,S100W0X9,2025-03-31,2025-06-20 15:30,有価証券報告書－第159期(2024/04/01－2025/03/31),1,1
E01138,ＴＯＴＯ株式会社,S100YC72,2026-03-31,2026-06-16 15:30,有価証券報告書－第160期(2025/04/01－2026/03/31),1,1
E01182,京セラ株式会社,S100LQMQ,2021-03-31,2021-06-25 15:14,有価証券報告書－第67期(令和2年4月1日－令和3年3月31日),1,1
E01182,京セラ株式会社,S100OH5T,2022-03-31,2022-06-28 15:16,有価証券報告書－第68期(令和3年4月1日－令和4年3月31日),1,1
E01182,京セラ株式会社,S100R598,2023-03-31,2023-06-27 15:19,有価証券報告書－第69期(2022/04/01－2023/03/31),1,1
E01182,京セラ株式会社,S100TPZT,2024-03-31,2024-06-25 15:13,有価証券報告書－第70期(2023/04/01－2024/03/31),1,1
E01182,京セラ株式会社,S100W0VP,2025-03-31,2025-06-20 15:41,有価証券報告書－第71期(2024/04/01－2025/03/31),1,1
E01182,京セラ株式会社,S100YF47,2026-03-31,2026-06-19 15:34,有価証券報告書－第72期(2025/04/01－2026/03/31),1,1
E01225,日本製鉄株式会社,S100LM6X,2021-03-31,2021-06-23 15:21,有価証券報告書－第96期(令和2年4月1日－令和3年3月31日),1,1
E01225,日本製鉄株式会社,S100OCKQ,2022-03-31,2022-06-23 14:55,有価証券報告書－第97期(令和3年4月1日－令和4年3月31日),1,1
E01225,日本製鉄株式会社,S100R2FO,2023-03-31,2023-06-23 15:01,有価証券報告書－第98期(2022/04/01－2023/03/31),1,1
E01225,日本製鉄株式会社,S100TOAW,2024-03-31,2024-06-21 15:00,有価証券報告書－第99期(2023/04/01－2024/03/31),1,1
E01225,日本製鉄株式会社,S100W3AT,2025-03-31,2025-06-24 15:01,有価証券報告書－第100期(2024/04/01－2025/03/31),1,1
E01225,日本製鉄株式会社,S100YF8E,2026-03-31,2026-06-23 15:31,有価証券報告書－第101期(2025/04/01－2026/03/31),1,1
E01231,株式会社　神戸製鋼所,S100LLZB,2021-03-31,2021-06-23 13:47,有価証券報告書－第168期(令和2年4月1日－令和3年3月31日),1,1
E01231,株式会社　神戸製鋼所,S100OAOM,2022-03-31,2022-06-22 14:17,有価証券報告書－第169期(令和3年4月1日－令和4年3月31日),1,1
E01231,株式会社　神戸製鋼所,S100QYHM,2023-03-31,2023-06-21 14:21,有価証券報告書－第170期(2022/04/01－2023/03/31),1,1
E01231,株式会社　神戸製鋼所,S100TN6Q,2024-03-31,2024-06-19 14:55,有価証券報告書－第171期(2023/04/01－2024/03/31),1,1
E01231,株式会社　神戸製鋼所,S100VZ8O,2025-03-31,2025-06-18 10:22,有価証券報告書－第172期(2024/04/01－2025/03/31),1,1
E01231,株式会社　神戸製鋼所,S100YCDA,2026-03-31,2026-06-18 16:45,有価証券報告書－第173期(2025/04/01－2026/03/31),1,1
E01264,ジェイ　エフ　イー　ホールディングス株式会社,S100LMEZ,2021-03-31,2021-06-25 15:36,有価証券報告書－第19期(令和2年4月1日－令和3年3月31日),1,1
E01264,ＪＦＥホールディングス株式会社,S100OCG5,2022-03-31,2022-06-24 16:29,有価証券報告書－第20期(令和3年4月1日－令和4年3月31日),1,1
E01264,ＪＦＥホールディングス株式会社,S100R3KR,2023-03-31,2023-06-27 15:02,有価証券報告書－第21期(2022/04/01－2023/03/31),1,1
E01264,ＪＦＥホールディングス株式会社,S100TPCX,2024-03-31,2024-06-25 15:39,有価証券報告書－第22期(2023/04/01－2024/03/31),1,1
E01264,ＪＦＥホールディングス株式会社,S100VZW5,2025-03-31,2025-06-25 15:50,有価証券報告書－第23期(2024/04/01－2025/03/31),1,1
E01264,ＪＦＥホールディングス株式会社,S100YCUD,2026-03-31,2026-06-19 16:10,有価証券報告書－第24期(2025/04/01－2026/03/31),1,1
E01317,株式会社ＬＩＸＩＬ,S100LJTV,2021-03-31,2021-06-23 15:49,有価証券報告書－第79期(令和2年4月1日－令和3年3月31日),1,1
E01317,株式会社ＬＩＸＩＬ,S100OB6V,2022-03-31,2022-06-22 14:49,有価証券報告書－第80期(令和3年4月1日－令和4年3月31日),1,1
E01317,株式会社ＬＩＸＩＬ,S100R0AV,2023-03-31,2023-06-22 16:13,有価証券報告書－第81期(2022/04/01－2023/03/31),1,1
E01317,株式会社ＬＩＸＩＬ,S100TO9T,2024-03-31,2024-06-20 16:29,有価証券報告書－第82期(2023/04/01－2024/03/31),1,1
E01317,株式会社ＬＩＸＩＬ,S100VYMK,2025-03-31,2025-06-18 16:00,有価証券報告書－第83期(2024/04/01－2025/03/31),1,1
E01317,株式会社ＬＩＸＩＬ,S100YD5L,2026-03-31,2026-06-17 15:00,有価証券報告書－第84期(2025/04/01－2026/03/31),1,1
E01353,東洋製罐グループホールディングス株式会社,S100LPHU,2021-03-31,2021-06-25 13:48,有価証券報告書－第108期(令和2年4月1日－令和3年3月31日),1,1
E01353,東洋製罐グループホールディングス株式会社,S100OFP1,2022-03-31,2022-06-24 15:11,有価証券報告書－第109期(令和3年4月1日－令和4年3月31日),1,1
E01353,東洋製罐グループホールディングス株式会社,S100R2VF,2023-03-31,2023-06-23 14:56,有価証券報告書－第110期(2022/04/01－2023/03/31),1,1
E01353,東洋製罐グループホールディングス株式会社,S100TPPB,2024-03-31,2024-06-21 15:34,有価証券報告書－第111期(2023/04/01－2024/03/31),1,1
E01353,東洋製罐グループホールディングス株式会社,S100VZP4,2025-03-31,2025-06-19 13:00,有価証券報告書－第112期(2024/04/01－2025/03/31),1,1
E01353,東洋製罐グループホールディングス株式会社,S100YGR9,2026-03-31,2026-06-23 16:43,有価証券報告書－第113期(2025/04/01－2026/03/31),1,1
E01532,株式会社小松製作所,S100LIWM,2021-03-31,2021-06-17 10:50,有価証券報告書－第152期(令和2年4月1日－令和3年3月31日),1,1
E01532,株式会社小松製作所,S100O9ZQ,2022-03-31,2022-06-20 11:31,有価証券報告書－第153期(令和3年4月1日－令和4年3月31日),1,1
E01532,株式会社小松製作所,S100QYNI,2023-03-31,2023-06-20 15:06,有価証券報告書－第154期(2022/04/01－2023/03/31),1,1
E01532,株式会社小松製作所,S100TLVE,2024-03-31,2024-06-18 10:45,有価証券報告書－第155期(2023/04/01－2024/03/31),1,1
E01532,株式会社小松製作所,S100VXAI,2025-03-31,2025-06-16 11:08,有価証券報告書－第156期(2024/04/01－2025/03/31),1,1
E01532,株式会社小松製作所,S100YD25,2026-03-31,2026-06-18 11:46,有価証券報告書－第157期(2025/04/01－2026/03/31),1,1
E01570,ダイキン工業株式会社,S100LNGN,2021-03-31,2021-06-29 15:54,有価証券報告書－第118期(令和2年4月1日－令和3年3月31日),1,1
E01570,ダイキン工業株式会社,S100OG1V,2022-03-31,2022-06-29 15:49,有価証券報告書－第119期(令和3年4月1日－令和4年3月31日),1,1
E01570,ダイキン工業株式会社,S100R5QK,2023-03-31,2023-06-29 16:13,有価証券報告書－第120期(2022/04/01－2023/03/31),1,1
E01570,ダイキン工業株式会社,S100TS9K,2024-03-31,2024-06-27 16:04,有価証券報告書－第121期(2023/04/01－2024/03/31),1,1
E01570,ダイキン工業株式会社,S100W3XO,2025-03-31,2025-06-25 09:30,有価証券報告書－第122期(2024/04/01－2025/03/31),1,1
E01570,ダイキン工業株式会社,S100YFQL,2026-03-31,2026-06-24 10:06,有価証券報告書－第123期(2025/04/01－2026/03/31),1,1
E01630,テルモ株式会社,S100LLAO,2021-03-31,2021-06-23 12:49,有価証券報告書－第106期(令和2年4月1日－令和3年3月31日),1,1
E01630,テルモ株式会社,S100OAR8,2022-03-31,2022-06-23 11:17,有価証券報告書－第107期(令和3年4月1日－令和4年3月31日),1,1
E01630,テルモ株式会社,S100R4TX,2023-03-31,2023-06-28 10:12,有価証券報告書－第108期(2022/04/01－2023/03/31),1,1
E01630,テルモ株式会社,S100TULJ,2024-03-31,2024-06-27 10:36,有価証券報告書－第109期(2023/04/01－2024/03/31),1,1
E01630,テルモ株式会社,S100VWHX,2025-03-31,2025-06-23 10:06,有価証券報告書－第110期(2024/04/01－2025/03/31),1,1
E01630,テルモ株式会社,S100YGMG,2026-03-31,2026-06-23 11:38,有価証券報告書－第111期(2025/04/01－2026/03/31),1,1
E01737,株式会社日立製作所,S100LNII,2021-03-31,2021-06-23 15:01,有価証券報告書－第152期(令和2年4月1日－令和3年3月31日),1,1
E01737,株式会社日立製作所,S100OB34,2022-03-31,2022-06-22 14:09,有価証券報告書－第153期(令和3年4月1日－令和4年3月31日),1,1
E01737,株式会社日立製作所,S100QZT0,2023-03-31,2023-06-21 14:08,有価証券報告書－第154期(2022/04/01－2023/03/31),1,1
E01737,株式会社日立製作所,S100TP5S,2024-03-31,2024-06-21 15:12,有価証券報告書－第155期(2023/04/01－2024/03/31),1,1
E01737,株式会社日立製作所,S100W56G,2025-03-31,2025-06-25 15:18,有価証券報告書－第156期(2024/04/01－2025/03/31),1,1
E01737,株式会社日立製作所,S100YGBO,2026-03-31,2026-06-22 15:56,有価証券報告書－第157期(2025/04/01－2026/03/31),1,1
E01739,三菱電機株式会社,S100LPLG,2021-03-31,2021-06-29 15:19,有価証券報告書－第150期(令和2年4月1日－令和3年3月31日),1,1
E01739,三菱電機株式会社,S100OEWH,2022-03-31,2022-06-29 14:20,有価証券報告書－第151期(令和3年4月1日－令和4年3月31日),1,1
E01739,三菱電機株式会社,S100R4YQ,2023-03-31,2023-06-29 13:51,有価証券報告書－第152期(2022/04/01－2023/03/31),1,1
E01739,三菱電機株式会社,S100TOGW,2024-03-31,2024-06-25 13:22,有価証券報告書－第153期(2023/04/01－2024/03/31),1,1
E01739,三菱電機株式会社,S100W0EM,2025-03-31,2025-06-20 12:44,有価証券報告書－第154期(2024/04/01－2025/03/31),1,1
E01739,三菱電機株式会社,S100YD3V,2026-03-31,2026-06-19 16:47,有価証券報告書－第155期(2025/04/01－2026/03/31),1,1
E01766,富士通株式会社,S100LT4R,2021-03-31,2021-06-28 15:16,有価証券報告書－第121期(令和2年4月1日－令和3年3月31日),1,1
E01766,富士通株式会社,S100OHKL,2022-03-31,2022-06-27 15:00,有価証券報告書－第122期(令和3年4月1日－令和4年3月31日),1,1
E01766,富士通株式会社,S100R3OA,2023-03-31,2023-06-26 16:10,有価証券報告書－第123期(2022/04/01－2023/03/31),1,1
E01766,富士通株式会社,S100TQ5C,2024-03-31,2024-06-24 15:00,有価証券報告書－第124期(2023/04/01－2024/03/31),1,1
E01766,富士通株式会社,S100W1DS,2025-03-31,2025-06-20 15:30,有価証券報告書－第125期(2024/04/01－2025/03/31),1,1
E01766,富士通株式会社,S100YM3K,2026-03-31,2026-06-26 15:30,有価証券報告書－第126期(2025/04/01－2026/03/31),1,1
E01772,パナソニック株式会社,S100LP1N,2021-03-31,2021-06-25 10:30,有価証券報告書－第114期(令和2年4月1日－令和3年3月31日),1,1
E01772,パナソニックホールディングス株式会社,S100ODSS,2022-03-31,2022-06-24 12:24,有価証券報告書－第115期(令和3年4月1日－令和4年3月31日),1,1
E01772,パナソニックホールディングス株式会社,S100R44M,2023-03-31,2023-06-27 10:16,有価証券報告書－第116期(2022/04/01－2023/03/31),1,1
E01772,パナソニックホールディングス株式会社,S100TQZC,2024-03-31,2024-06-25 10:21,有価証券報告書－第117期(2023/04/01－2024/03/31),1,1
E01772,パナソニックホールディングス株式会社,S100W0F3,2025-03-31,2025-06-20 11:31,有価証券報告書－第118期(2024/04/01－2025/03/31),1,1
E01772,パナソニックホールディングス株式会社,S100YETA,2026-03-31,2026-06-19 10:48,有価証券報告書－第119期(2025/04/01－2026/03/31),1,1
E01777,ソニーグループ株式会社,S100LM4N,2021-03-31,2021-06-22 15:15,有価証券報告書－第104期(令和2年4月1日－令和3年3月31日),1,1
E01777,ソニーグループ株式会社,S100OJ0K,2022-03-31,2022-06-28 15:05,有価証券報告書－第105期(令和3年4月1日－令和4年3月31日),1,1
E01777,ソニーグループ株式会社,S100QZT6,2023-03-31,2023-06-20 15:07,有価証券報告書－第106期(2022/04/01－2023/03/31),1,1
E01777,ソニーグループ株式会社,S100TS7P,2024-03-31,2024-06-25 15:36,有価証券報告書－第107期(2023/04/01－2024/03/31),1,1
E01777,ソニーグループ株式会社,S100W19Q,2025-03-31,2025-06-20 16:00,有価証券報告書－第108期(2024/04/01－2025/03/31),1,1
E01777,ソニーグループ株式会社,S100YE2C,2026-03-31,2026-06-18 15:38,有価証券報告書－第109期(2025/04/01－2026/03/31),1,1
E01780,ＴＤＫ株式会社,S100LMH9,2021-03-31,2021-06-23 14:51,有価証券報告書－第125期(令和2年4月1日－令和3年3月31日),1,1
E01780,ＴＤＫ株式会社,S100ODQV,2022-03-31,2022-06-24 14:22,有価証券報告書－第126期(令和3年4月1日－令和4年3月31日),1,1
E01780,ＴＤＫ株式会社,S100R0PF,2023-03-31,2023-06-22 14:47,有価証券報告書－第127期(2022/04/01－2023/03/31),1,1
E01780,ＴＤＫ株式会社,S100TOOW,2024-03-31,2024-06-21 14:50,有価証券報告書－第128期(2023/04/01－2024/03/31),1,1
E01780,ＴＤＫ株式会社,S100VZFD,2025-03-31,2025-06-19 11:06,有価証券報告書－第129期(2024/04/01－2025/03/31),1,1
E01780,ＴＤＫ株式会社,S100YD2Y,2026-03-31,2026-06-17 11:15,有価証券報告書－第130期(2025/04/01－2026/03/31),1,1
E01888,日東電工株式会社,S100LK3M,2021-03-31,2021-06-18 15:40,有価証券報告書－第156期(令和2年4月1日－令和3年3月31日),1,1
E01888,日東電工株式会社,S100O9FM,2022-03-31,2022-06-17 16:04,有価証券報告書－第157期(令和3年4月1日－令和4年3月31日),1,1
E01888,日東電工株式会社,S100R248,2023-03-31,2023-06-23 16:04,有価証券報告書－第158期(2022/04/01－2023/03/31),1,1
E01888,日東電工株式会社,S100TOGO,2024-03-31,2024-06-21 16:02,有価証券報告書－第159期(2023/04/01－2024/03/31),1,1
E01888,日東電工株式会社,S100VYH3,2025-03-31,2025-06-18 16:00,有価証券報告書－第160期(2024/04/01－2025/03/31),1,1
E01888,日東電工株式会社,S100YCAR,2026-03-31,2026-06-17 16:01,有価証券報告書－第161期(2025/04/01－2026/03/31),1,1
E01914,株式会社村田製作所,S100LPV9,2021-03-31,2021-06-29 15:37,有価証券報告書－第85期(令和2年4月1日－令和3年3月31日),1,1
E01914,株式会社村田製作所,S100OJOR,2022-03-31,2022-06-29 15:39,有価証券報告書－第86期(令和3年4月1日－令和4年3月31日),1,1
E01914,株式会社村田製作所,S100R773,2023-03-31,2023-06-29 15:03,有価証券報告書－第87期(2022/04/01－2023/03/31),1,1
E01914,株式会社村田製作所,S100TSIJ,2024-03-31,2024-06-27 15:07,有価証券報告書－第88期(2023/04/01－2024/03/31),1,1
E01914,株式会社村田製作所,S100W2ZR,2025-03-31,2025-06-24 15:48,有価証券報告書－第89期(2024/04/01－2025/03/31),1,1
E01914,株式会社村田製作所,S100YHPY,2026-03-31,2026-06-24 15:37,有価証券報告書－第90期(2025/04/01－2026/03/31),1,1
E01967,株式会社キーエンス,S100LIN5,2021-03-20,2021-06-14 15:13,有価証券報告書－第52期(令和2年3月21日－令和3年3月20日),1,1
E01967,株式会社キーエンス,S100O80N,2022-03-20,2022-06-13 15:01,有価証券報告書－第53期(令和3年3月21日－令和4年3月20日),1,1
E01967,株式会社キーエンス,S100QY7Y,2023-03-20,2023-06-15 15:01,有価証券報告書－第54期(2022/03/21－2023/03/20),1,1
E01967,株式会社キーエンス,S100TM1W,2024-03-20,2024-06-17 15:01,有価証券報告書－第55期(2023/03/21－2024/03/20),1,1
E01967,株式会社キーエンス,S100VWNU,2025-03-20,2025-06-16 15:30,有価証券報告書－第56期(2024/03/21－2025/03/20),1,1
E01967,株式会社キーエンス,S100YAHE,2026-03-20,2026-06-15 15:00,有価証券報告書－第57期(2025/03/21－2026/03/20),1,1
E02126,三菱重工業株式会社,S100LUPR,2021-03-31,2021-06-29 16:03,有価証券報告書,1,1
E02126,三菱重工業株式会社,S100OKCL,2022-03-31,2022-06-29 14:26,有価証券報告書,1,1
E02126,三菱重工業株式会社,S100R7E9,2023-03-31,2023-06-29 13:52,有価証券報告書,1,1
E02126,三菱重工業株式会社,S100TU2K,2024-03-31,2024-06-27 13:25,有価証券報告書,1,1
E02126,三菱重工業株式会社,S100W6XE,2025-03-31,2025-06-27 14:13,有価証券報告書,1,1
E02126,三菱重工業株式会社,S100YHZG,2026-03-31,2026-06-24 11:49,有価証券報告書,1,1
E02142,日産自動車株式会社,S100LU0G,2021-03-31,2021-06-29 10:34,有価証券報告書－第122期(令和2年4月1日－令和3年3月31日),1,1
E02142,日産自動車株式会社,S100OM2J,2022-03-31,2022-06-30 09:52,有価証券報告書－第123期(令和3年4月1日－令和4年3月31日),1,1
E02142,日産自動車株式会社,S100RAD2,2023-03-31,2023-06-30 09:38,有価証券報告書－第124期(2022/04/01－2023/03/31),1,1
E02142,日産自動車株式会社,S100TXFX,2024-03-31,2024-06-28 09:44,有価証券報告書－第125期(2023/04/01－2024/03/31),1,1
E02142,日産自動車株式会社,S100W2UQ,2025-03-31,2025-06-23 16:13,有価証券報告書－第126期(2024/04/01－2025/03/31),1,1
E02142,日産自動車株式会社,S100YH2B,2026-03-31,2026-06-22 16:25,有価証券報告書－第127期(2025/04/01－2026/03/31),1,1
E02144,トヨタ自動車株式会社,S100LO6W,2021-03-31,2021-06-24 15:00,有価証券報告書－第117期(令和2年4月1日－令和3年3月31日),1,1
E02144,トヨタ自動車株式会社,S100OC13,2022-03-31,2022-06-23 15:10,有価証券報告書－第118期(令和3年4月1日－令和4年3月31日),1,1
E02144,トヨタ自動車株式会社,S100QZHY,2023-03-31,2023-06-30 11:30,有価証券報告書－第119期(2022/04/01－2023/03/31),1,1
E02144,トヨタ自動車株式会社,S100TR7I,2024-03-31,2024-06-25 15:00,有価証券報告書－第120期(2023/04/01－2024/03/31),1,1
E02144,トヨタ自動車株式会社,S100VWVY,2025-03-31,2025-06-18 15:30,有価証券報告書－第121期(2024/04/01－2025/03/31),1,1
E02144,トヨタ自動車株式会社,S100Y8NY,2026-03-31,2026-06-10 15:33,有価証券報告書－第122期(2025/04/01－2026/03/31),1,1
E02152,株式会社ＳＵＢＡＲＵ,S100LMPK,2021-03-31,2021-06-24 11:59,有価証券報告書－第90期(令和2年4月1日－令和3年3月31日),1,1
E02152,株式会社ＳＵＢＡＲＵ,S100OB9K,2022-03-31,2022-06-23 15:38,有価証券報告書－第91期(令和3年4月1日－令和4年3月31日),1,1
E02152,株式会社ＳＵＢＡＲＵ,S100R15B,2023-03-31,2023-06-22 13:57,有価証券報告書－第92期(2022/04/01－2023/03/31),1,1
E02152,株式会社ＳＵＢＡＲＵ,S100TO9E,2024-03-31,2024-06-20 13:52,有価証券報告書－第93期(2023/04/01－2024/03/31),1,1
E02152,株式会社ＳＵＢＡＲＵ,S100W1AE,2025-03-31,2025-06-23 10:37,有価証券報告書－第94期(2024/04/01－2025/03/31),1,1
E02152,株式会社ＳＵＢＡＲＵ,S100YFKZ,2026-03-31,2026-06-22 10:44,有価証券報告書－第95期(2025/04/01－2026/03/31),1,1
E02163,マツダ株式会社,S100LM10,2021-03-31,2021-06-25 09:31,有価証券報告書－第155期(令和2年4月1日－令和3年3月31日),1,1
E02163,マツダ株式会社,S100OA73,2022-03-31,2022-06-27 09:12,有価証券報告書－第156期(令和3年4月1日－令和4年3月31日),1,1
E02163,マツダ株式会社,S100R5G1,2023-03-31,2023-06-28 09:01,有価証券報告書－第157期(2022/04/01－2023/03/31),1,1
E02163,マツダ株式会社,S100TN27,2024-03-31,2024-06-26 09:06,有価証券報告書－第158期(2023/04/01－2024/03/31),1,1
E02163,マツダ株式会社,S100VZ6C,2025-03-31,2025-06-24 16:31,有価証券報告書－第159期(2024/04/01－2025/03/31),1,1
E02163,マツダ株式会社,S100YDZ1,2026-03-31,2026-06-23 09:09,有価証券報告書－第160期(2025/04/01－2026/03/31),1,1
E02166,本田技研工業株式会社,S100LLW5,2021-03-31,2021-06-23 15:05,有価証券報告書－第97期(令和2年4月1日－令和3年3月31日),1,1
E02166,本田技研工業株式会社,S100OBEJ,2022-03-31,2022-06-22 14:22,有価証券報告書－第98期(令和3年4月1日－令和4年3月31日),1,1
E02166,本田技研工業株式会社,S100R1U9,2023-03-31,2023-06-23 15:00,有価証券報告書－第99期(2022/04/01－2023/03/31),1,1
E02166,本田技研工業株式会社,S100TNE0,2024-03-31,2024-06-19 14:36,有価証券報告書－第100期(2023/04/01－2024/03/31),1,1
E02166,本田技研工業株式会社,S100VYOD,2025-03-31,2025-06-18 15:36,有価証券報告書－第101期(2024/04/01－2025/03/31),1,1
E02166,本田技研工業株式会社,S100YDD9,2026-03-31,2026-06-18 15:30,有価証券報告書－第102期(2025/04/01－2026/03/31),1,1
E02167,スズキ株式会社,S100LPRL,2021-03-31,2021-06-25 15:21,有価証券報告書－第155期(令和2年4月1日－令和3年3月31日),1,1
E02167,スズキ株式会社,S100OJSN,2022-03-31,2022-06-29 17:00,有価証券報告書－第156期(令和3年4月1日－令和4年3月31日),1,1
E02167,スズキ株式会社,S100R38M,2023-03-31,2023-06-23 17:03,有価証券報告書－第157期(2022/04/01－2023/03/31),1,1
E02167,スズキ株式会社,S100TRQC,2024-03-31,2024-06-27 14:25,有価証券報告書－第158期(2023/04/01－2024/03/31),1,1
E02167,スズキ株式会社,S100W4MT,2025-03-31,2025-06-27 14:13,有価証券報告書－第159期(2024/04/01－2025/03/31),1,1
E02167,スズキ株式会社,S100YFG2,2026-03-31,2026-06-23 13:36,有価証券報告書－第160期(2025/04/01－2026/03/31),1,1
E02271,株式会社ニコン,S100LLYK,2021-03-31,2021-06-29 15:14,有価証券報告書－第157期(令和2年4月1日－令和3年3月31日),1,1
E02271,株式会社ニコン,S100ODD2,2022-03-31,2022-06-29 15:07,有価証券報告書－第158期(令和3年4月1日－令和4年3月31日),1,1
E02271,株式会社ニコン,S100R071,2023-03-31,2023-06-29 15:01,有価証券報告書－第159期(2022/04/01－2023/03/31),1,1
E02271,株式会社ニコン,S100TNZD,2024-03-31,2024-06-24 15:01,有価証券報告書－第160期(2023/04/01－2024/03/31),1,1
E02271,株式会社ニコン,S100W1PH,2025-03-31,2025-06-26 15:32,有価証券報告書－第161期(2024/04/01－2025/03/31),1,1
E02271,株式会社ニコン,S100YKBP,2026-03-31,2026-06-25 15:30,有価証券報告書－第162期(2025/04/01－2026/03/31),1,1
E02272,オリンパス株式会社,S100LL9I,2021-03-31,2021-06-21 15:38,有価証券報告書－第153期(令和2年4月1日－令和3年3月31日),1,1
E02272,オリンパス株式会社,S100OBAY,2022-03-31,2022-06-21 16:06,有価証券報告書－第154期(令和3年4月1日－令和4年3月31日),1,1
E02272,オリンパス株式会社,S100QZRG,2023-03-31,2023-06-20 15:41,有価証券報告書－第155期(2022/04/01－2023/03/31),1,1
E02272,オリンパス株式会社,S100TNZ4,2024-03-31,2024-06-20 15:30,有価証券報告書－第156期(2023/04/01－2024/03/31),1,1
E02272,オリンパス株式会社,S100W009,2025-03-31,2025-06-19 15:35,有価証券報告書－第157期(2024/04/01－2025/03/31),1,1
E02272,オリンパス株式会社,S100YDN3,2026-03-31,2026-06-18 15:34,有価証券報告書－第158期(2025/04/01－2026/03/31),1,1
E02274,キヤノン株式会社,S100L2I7,2020-12-31,2021-03-30 15:03,有価証券報告書－第120期(令和2年1月1日－令和2年12月31日),1,1
E02274,キヤノン株式会社,S100NRAM,2021-12-31,2022-03-30 15:00,有価証券報告書－第121期(令和3年1月1日－令和3年12月31日),1,1
E02274,キヤノン株式会社,S100QHVI,2022-12-31,2023-03-30 15:01,有価証券報告書－第122期(2022/01/01－2022/12/31),1,1
E02274,キヤノン株式会社,S100T58N,2023-12-31,2024-03-28 15:00,有価証券報告書－第123期(2023/01/01－2023/12/31),1,1
E02274,キヤノン株式会社,S100VHZZ,2024-12-31,2025-03-28 15:30,有価証券報告書－第124期(2024/01/01－2024/12/31),1,1
E02274,キヤノン株式会社,S100XTLJ,2025-12-31,2026-03-25 15:30,有価証券報告書－第125期(2025/01/01－2025/12/31),1,1
E02367,任天堂株式会社,S100LK4Y,2021-03-31,2021-06-30 12:15,有価証券報告書－第81期(令和2年4月1日－令和3年3月31日),1,1
E02367,任天堂株式会社,S100O9PP,2022-03-31,2022-06-30 13:56,有価証券報告書－第82期(令和3年4月1日－令和4年3月31日),1,1
E02367,任天堂株式会社,S100QY8A,2023-03-31,2023-06-26 12:36,有価証券報告書－第83期(2022/04/01－2023/03/31),1,1
E02367,任天堂株式会社,S100TMMG,2024-03-31,2024-06-28 12:22,有価証券報告書－第84期(2023/04/01－2024/03/31),1,1
E02367,任天堂株式会社,S100W73A,2025-03-31,2025-06-26 12:26,有価証券報告書－第85期(2024/04/01－2025/03/31),1,1
E02367,任天堂株式会社,S100Y9NX,2026-03-31,2026-06-25 15:30,有価証券報告書－第86期(2025/04/01－2026/03/31),1,1
E02379,株式会社ノーリツ,S100L230,2020-12-31,2021-03-30 14:44,有価証券報告書－第71期(令和2年1月1日－令和2年12月31日),1,1
E02379,株式会社ノーリツ,S100NROX,2021-12-31,2022-03-30 14:07,有価証券報告書－第72期(令和3年1月1日－令和3年12月31日),1,1
E02379,株式会社ノーリツ,S100QI0P,2022-12-31,2023-03-30 14:44,有価証券報告書－第73期(2022/01/01－2022/12/31),1,1
E02379,株式会社ノーリツ,S100T5D4,2023-12-31,2024-03-28 15:02,有価証券報告書－第74期(2023/01/01－2023/12/31),1,1
E02379,株式会社ノーリツ,S100VGXF,2024-12-31,2025-03-27 14:26,有価証券報告書－第75期(2024/01/01－2024/12/31),1,1
E02379,株式会社ノーリツ,S100XUKL,2025-12-31,2026-03-26 15:24,有価証券報告書－第76期(2025/01/01－2025/12/31),1,1
E02481,株式会社バンダイナムコホールディングス,S100LJOJ,2021-03-31,2021-06-21 12:44,有価証券報告書－第16期(令和2年4月1日－令和3年3月31日),1,1
E02481,株式会社バンダイナムコホールディングス,S100O9UA,2022-03-31,2022-06-20 12:40,有価証券報告書－第17期(令和3年4月1日－令和4年3月31日),1,1
E02481,株式会社バンダイナムコホールディングス,S100QYWF,2023-03-31,2023-06-19 13:17,有価証券報告書－第18期(2022/04/01－2023/03/31),1,1
E02481,株式会社バンダイナムコホールディングス,S100TQ5P,2024-03-31,2024-06-24 14:22,有価証券報告書－第19期(2023/04/01－2024/03/31),1,1
E02481,株式会社バンダイナムコホールディングス,S100W1PX,2025-03-31,2025-06-23 13:44,有価証券報告書－第20期(2024/04/01－2025/03/31),1,1
E02481,株式会社バンダイナムコホールディングス,S100YBXE,2026-03-31,2026-06-16 16:06,有価証券報告書－第21期(2025/04/01－2026/03/31),1,1
E02497,伊藤忠商事株式会社,S100LJXI,2021-03-31,2021-06-18 12:11,有価証券報告書－第97期(令和2年4月1日－令和3年3月31日),1,1
E02497,伊藤忠商事株式会社,S100OD03,2022-03-31,2022-06-24 13:59,有価証券報告書－第98期(令和3年4月1日－令和4年3月31日),1,1
E02497,伊藤忠商事株式会社,S100R19K,2023-03-31,2023-06-23 14:22,有価証券報告書－第99期(2022/04/01－2023/03/31),1,1
E02497,伊藤忠商事株式会社,S100TP14,2024-03-31,2024-06-21 14:40,有価証券報告書－第100期(2023/04/01－2024/03/31),1,1
E02497,伊藤忠商事株式会社,S100VYN4,2025-03-31,2025-06-18 16:04,有価証券報告書－第101期(2024/04/01－2025/03/31),1,1
E02497,伊藤忠商事株式会社,S100YA6H,2026-03-31,2026-06-12 12:35,有価証券報告書－第102期(2025/04/01－2026/03/31),1,1
E02498,丸紅株式会社,S100LO78,2021-03-31,2021-06-24 14:44,有価証券報告書－第97期(令和2年4月1日－令和3年3月31日),1,1
E02498,丸紅株式会社,S100OE5O,2022-03-31,2022-06-24 14:37,有価証券報告書－第98期(令和3年4月1日－令和4年3月31日),1,1
E02498,丸紅株式会社,S100R2ES,2023-03-31,2023-06-23 15:51,有価証券報告書－第99期(2022/04/01－2023/03/31),1,1
E02498,丸紅株式会社,S100TP60,2024-03-31,2024-06-21 14:35,有価証券報告書－第100期(2023/04/01－2024/03/31),1,1
E02498,丸紅株式会社,S100VYGC,2025-03-31,2025-06-17 15:30,有価証券報告書－第101期(2024/04/01－2025/03/31),1,1
E02498,丸紅株式会社,S100YAY4,2026-03-31,2026-06-12 15:30,有価証券報告書－第102期(2025/04/01－2026/03/31),1,1
E02505,豊田通商株式会社,S100LJ65,2021-03-31,2021-06-24 13:10,有価証券報告書－第100期(令和2年4月1日－令和3年3月31日),1,1
E02505,豊田通商株式会社,S100OD08,2022-03-31,2022-06-24 13:05,有価証券報告書－第101期(令和3年4月1日－令和4年3月31日),1,1
E02505,豊田通商株式会社,S100R1J4,2023-03-31,2023-06-23 13:40,有価証券報告書－第102期(2022/04/01－2023/03/31),1,1
E02505,豊田通商株式会社,S100TO14,2024-03-31,2024-06-21 13:42,有価証券報告書－第103期(2023/04/01－2024/03/31),1,1
E02505,豊田通商株式会社,S100VZM9,2025-03-31,2025-06-19 13:20,有価証券報告書－第104期(2024/04/01－2025/03/31),1,1
E02505,豊田通商株式会社,S100YD8J,2026-03-31,2026-06-18 13:11,有価証券報告書－第105期(2025/04/01－2026/03/31),1,1
E02513,三井物産株式会社,S100LJUR,2021-03-31,2021-06-18 12:23,有価証券報告書－第102期(令和2年4月1日－令和3年3月31日),1,1
E02513,三井物産株式会社,S100OBDU,2022-03-31,2022-06-22 15:07,有価証券報告書－第103期(令和3年4月1日－令和4年3月31日),1,1
E02513,三井物産株式会社,S100QZZ4,2023-03-31,2023-06-21 13:20,有価証券報告書－第104期(2022/04/01－2023/03/31),1,1
E02513,三井物産株式会社,S100TND7,2024-03-31,2024-06-19 13:32,有価証券報告書－第105期(2023/04/01－2024/03/31),1,1
E02513,三井物産株式会社,S100VYNR,2025-03-31,2025-06-17 13:37,有価証券報告書－第106期(2024/04/01－2025/03/31),1,1
E02513,三井物産株式会社,S100YAVT,2026-03-31,2026-06-12 14:07,有価証券報告書－第107期(2025/04/01－2026/03/31),1,1
E02528,住友商事株式会社,S100LJW1,2021-03-31,2021-06-18 14:48,有価証券報告書－第153期(令和2年4月1日－令和3年3月31日),1,1
E02528,住友商事株式会社,S100OE28,2022-03-31,2022-06-24 14:00,有価証券報告書－第154期(令和3年4月1日－令和4年3月31日),1,1
E02528,住友商事株式会社,S100R1TH,2023-03-31,2023-06-23 13:51,有価証券報告書－第155期(2022/04/01－2023/03/31),1,1
E02528,住友商事株式会社,S100TOTW,2024-03-31,2024-06-21 14:00,有価証券報告書－第156期(2023/04/01－2024/03/31),1,1
E02528,住友商事株式会社,S100VYV6,2025-03-31,2025-06-18 14:02,有価証券報告書－第157期(2024/04/01－2025/03/31),1,1
E02528,住友商事株式会社,S100YARD,2026-03-31,2026-06-12 14:00,有価証券報告書－第158期(2025/04/01－2026/03/31),1,1
E02529,三菱商事株式会社,S100LHA9,2021-03-31,2021-06-25 14:46,有価証券報告書,1,1
E02529,三菱商事株式会社,S100O6ZR,2022-03-31,2022-06-24 15:59,有価証券報告書,1,1
E02529,三菱商事株式会社,S100QVYU,2023-03-31,2023-06-23 16:24,有価証券報告書,1,1
E02529,三菱商事株式会社,S100TL6G,2024-03-31,2024-06-21 14:59,有価証券報告書,1,1
E02529,三菱商事株式会社,S100VYM1,2025-03-31,2025-06-18 14:06,有価証券報告書,1,1
E02529,三菱商事株式会社,S100YB25,2026-03-31,2026-06-12 14:20,有価証券報告書,1,1
E02567,岩谷産業株式会社,S100LJ1L,2021-03-31,2021-06-24 12:02,有価証券報告書－第78期(令和2年4月1日－令和3年3月31日),1,1
E02567,岩谷産業株式会社,S100OB0D,2022-03-31,2022-06-23 10:00,有価証券報告書－第79期(令和3年4月1日－令和4年3月31日),1,1
E02567,岩谷産業株式会社,S100R0HX,2023-03-31,2023-06-22 10:00,有価証券報告書－第80期(2022/04/01－2023/03/31),1,1
E02567,岩谷産業株式会社,S100TNQ1,2024-03-31,2024-06-20 10:00,有価証券報告書－第81期(2023/04/01－2024/03/31),1,1
E02567,岩谷産業株式会社,S100VY24,2025-03-31,2025-06-17 16:00,有価証券報告書－第82期(2024/04/01－2025/03/31),1,1
E02567,岩谷産業株式会社,S100YBEM,2026-03-31,2026-06-16 16:00,有価証券報告書－第83期(2025/04/01－2026/03/31),1,1
E02632,株式会社メディパルホールディングス,S100LQHX,2021-03-31,2021-06-25 13:17,有価証券報告書－第112期(令和2年4月1日－令和3年3月31日),1,1
E02632,株式会社メディパルホールディングス,S100OE94,2022-03-31,2022-06-24 13:30,有価証券報告書－第113期(令和3年4月1日－令和4年3月31日),1,1
E02632,株式会社メディパルホールディングス,S100R51F,2023-03-31,2023-06-27 12:12,有価証券報告書－第114期(2022/04/01－2023/03/31),1,1
E02632,株式会社メディパルホールディングス,S100TRUJ,2024-03-31,2024-06-25 11:42,有価証券報告書－第115期(2023/04/01－2024/03/31),1,1
E02632,株式会社メディパルホールディングス,S100W5ET,2025-03-31,2025-06-25 12:50,有価証券報告書－第116期(2024/04/01－2025/03/31),1,1
E02632,株式会社メディパルホールディングス,S100YI1C,2026-03-31,2026-06-23 14:10,有価証券報告書－第117期(2025/04/01－2026/03/31),1,1
E02691,株式会社ＰＡＬＴＡＣ,S100LNAE,2021-03-31,2021-06-24 14:09,有価証券報告書－第93期(令和2年4月1日－令和3年3月31日),1,1
E02691,株式会社ＰＡＬＴＡＣ,S100OBHI,2022-03-31,2022-06-22 14:42,有価証券報告書－第94期(令和3年4月1日－令和4年3月31日),1,1
E02691,株式会社ＰＡＬＴＡＣ,S100R1O8,2023-03-31,2023-06-23 14:43,有価証券報告書－第95期(2022/04/01－2023/03/31),1,1
E02691,株式会社ＰＡＬＴＡＣ,S100TNQQ,2024-03-31,2024-06-21 14:50,有価証券報告書－第96期(2023/04/01－2024/03/31),1,1
E02691,株式会社ＰＡＬＴＡＣ,S100W05Z,2025-03-31,2025-06-20 14:52,有価証券報告書－第97期(2024/04/01－2025/03/31),1,1
E02691,株式会社ＰＡＬＴＡＣ,S100YDG4,2026-03-31,2026-06-19 13:27,有価証券報告書－第98期(2025/04/01－2026/03/31),1,1
E02958,双日株式会社,S100LJNH,2021-03-31,2021-06-18 15:24,有価証券報告書－第18期(令和2年4月1日－令和3年3月31日),1,1
E02958,双日株式会社,S100O6U4,2022-03-31,2022-06-17 14:35,有価証券報告書－第19期(令和3年4月1日－令和4年3月31日),1,1
E02958,双日株式会社,S100QYMO,2023-03-31,2023-06-20 14:20,有価証券報告書－第20期(2022/04/01－2023/03/31),1,1
E02958,双日株式会社,S100TMUB,2024-03-31,2024-06-18 14:57,有価証券報告書－第21期(2023/04/01－2024/03/31),1,1
E02958,双日株式会社,S100VY7S,2025-03-31,2025-06-16 15:03,有価証券報告書－第22期(2024/04/01－2025/03/31),1,1
E02958,双日株式会社,S100Y9EI,2026-03-31,2026-06-09 11:31,有価証券報告書－第23期(2025/04/01－2026/03/31),1,1
E03013,株式会社髙島屋,S100LEJ4,2021-02-28,2021-05-27 09:54,有価証券報告書－第155期(令和2年3月1日－令和3年2月28日),1,1
E03013,株式会社髙島屋,S100O42J,2022-02-28,2022-05-26 13:08,有価証券報告書－第156期(令和3年3月1日－令和4年2月28日),1,1
E03013,株式会社髙島屋,S100QT8M,2023-02-28,2023-05-25 10:37,有価証券報告書－第157期(2022/03/01－2023/02/28),1,1
E03013,株式会社髙島屋,S100TH34,2024-02-29,2024-05-23 12:59,有価証券報告書－第158期(2023/03/01－2024/02/29),1,1
E03013,株式会社髙島屋,S100VSA5,2025-02-28,2025-05-22 13:06,有価証券報告書－第159期(2024/03/01－2025/02/28),1,1
E03013,株式会社髙島屋,S100Y4X5,2026-02-28,2026-05-20 11:00,有価証券報告書－第160期(2025/03/01－2026/02/28),1,1
E03041,株式会社クレディセゾン,S100LN7Q,2021-03-31,2021-06-23 15:00,有価証券報告書－第71期(令和2年4月1日－令和3年3月31日),1,1
E03041,株式会社クレディセゾン,S100OCL9,2022-03-31,2022-06-22 15:24,有価証券報告書－第72期(令和3年4月1日－令和4年3月31日),1,1
E03041,株式会社クレディセゾン,S100R0QD,2023-03-31,2023-06-21 15:59,有価証券報告書－第73期(2022/04/01－2023/03/31),1,1
E03041,株式会社クレディセゾン,S100TNTL,2024-03-31,2024-06-19 16:21,有価証券報告書－第74期(2023/04/01－2024/03/31),1,1
E03041,株式会社クレディセゾン,S100W4A7,2025-03-31,2025-06-24 17:00,有価証券報告書－第75期(2024/04/01－2025/03/31),1,1
E03041,株式会社クレディセゾン,S100YCDE,2026-03-31,2026-06-16 11:38,有価証券報告書－第76期(2025/04/01－2026/03/31),1,1
E03061,イオン株式会社,S100LDRR,2021-02-28,2021-05-27 15:43,有価証券報告書－第96期(令和2年3月1日－令和3年2月28日),1,1
E03061,イオン株式会社,S100O3HQ,2022-02-28,2022-05-26 16:47,有価証券報告書－第97期(令和3年3月1日－令和4年2月28日),1,1
E03061,イオン株式会社,S100QUGV,2023-02-28,2023-05-29 13:55,有価証券報告書－第98期(2022/03/01－2023/02/28),1,1
E03061,イオン株式会社,S100TG6G,2024-02-29,2024-05-30 09:55,有価証券報告書－第99期(2023/03/01－2024/02/29),1,1
E03061,イオン株式会社,S100VTF8,2025-02-28,2025-05-29 15:33,有価証券報告書－第100期(2024/03/01－2025/02/28),1,1
E03061,イオン株式会社,S100Y5VH,2026-02-28,2026-05-25 15:03,有価証券報告書－第101期(2025/03/01－2026/02/28),1,1
E03144,株式会社ニトリホールディングス,S100LBVH,2021-02-20,2021-05-14 09:21,有価証券報告書－第49期(令和2年2月21日－令和3年2月20日),1,1
E03144,株式会社ニトリホールディングス,S100O35Q,2022-02-20,2022-05-20 11:27,有価証券報告書－第50期(令和3年2月21日－令和4年2月20日),1,1
E03144,株式会社ニトリホールディングス,S100R1N2,2023-03-31,2023-06-23 10:15,有価証券報告書－第51期(2022/02/21－2023/03/31),1,1
E03144,株式会社ニトリホールディングス,S100TOSN,2024-03-31,2024-06-21 10:43,有価証券報告書－第52期(2023/04/01－2024/03/31),1,1
E03144,株式会社ニトリホールディングス,S100W5DK,2025-03-31,2025-06-25 15:34,有価証券報告書－第53期(2024/04/01－2025/03/31),1,1
E03144,株式会社ニトリホールディングス,S100YIMF,2026-03-31,2026-06-24 15:33,有価証券報告書－第54期(2025/04/01－2026/03/31),1,1
E03217,株式会社ファーストリテイリング,S100MXXW,2021-08-31,2021-11-26 09:00,有価証券報告書－第60期(令和2年9月1日－令和3年8月31日),1,1
E03217,株式会社ファーストリテイリング,S100POPP,2022-08-31,2022-11-25 13:00,有価証券報告書－第61期(令和3年9月1日－令和4年8月31日),1,1
E03217,株式会社ファーストリテイリング,S100SD9V,2023-08-31,2023-11-30 13:01,有価証券報告書－第62期(2022/09/01－2023/08/31),1,1
E03217,株式会社ファーストリテイリング,S100UV0T,2024-08-31,2024-11-29 15:00,有価証券報告書－第63期(2023/09/01－2024/08/31),1,1
E03217,株式会社ファーストリテイリング,S100X6X6,2025-08-31,2025-11-28 13:04,有価証券報告書－第64期(2024/09/01－2025/08/31),1,1
E03248,株式会社　良品計画,S100MYFI,2021-08-31,2021-11-29 10:04,有価証券報告書－第43期(令和2年9月1日－令和3年8月31日),1,1
E03248,株式会社　良品計画,S100POA3,2022-08-31,2022-11-24 09:46,有価証券報告書－第44期(令和3年9月1日－令和4年8月31日),1,1
E03248,株式会社　良品計画,S100SBV6,2023-08-31,2023-11-24 09:57,有価証券報告書－第45期(2022/09/01－2023/08/31),1,1
E03248,株式会社　良品計画,S100UTSJ,2024-08-31,2024-11-25 09:00,有価証券報告書－第46期(2023/09/01－2024/08/31),1,1
E03248,株式会社　良品計画,S100X5NI,2025-08-31,2025-11-21 10:13,有価証券報告書－第47期(2024/09/01－2025/08/31),1,1
E03280,株式会社パン・パシフィック・インターナショナルホールディングス,S100MIDS,2021-06-30,2021-09-29 15:51,有価証券報告書－第41期(令和2年7月1日－令和3年6月30日),1,1
E03280,株式会社パン・パシフィック・インターナショナルホールディングス,S100P951,2022-06-30,2022-09-28 15:44,有価証券報告書－第42期(令和3年7月1日－令和4年6月30日),1,1
E03280,株式会社パン・パシフィック・インターナショナルホールディングス,S100RX47,2023-06-30,2023-09-27 15:12,有価証券報告書－第43期(2022/07/01－2023/06/30),1,1
E03280,株式会社パン・パシフィック・インターナショナルホールディングス,S100UG6Y,2024-06-30,2024-09-27 16:34,有価証券報告書－第44期(2023/07/01－2024/06/30),1,1
E03280,株式会社パン・パシフィック・インターナショナルホールディングス,S100WR05,2025-06-30,2025-09-25 13:20,有価証券報告書－第45期(2024/07/01－2025/06/30),1,1
E03462,株式会社セブン＆アイ・ホールディングス,S100LFJN,2021-02-28,2021-05-28 16:18,有価証券報告書－第16期(令和2年3月1日－令和3年2月28日),1,1
E03462,株式会社セブン＆アイ・ホールディングス,S100O4RC,2022-02-28,2022-05-27 13:45,有価証券報告書－第17期(令和3年3月1日－令和4年2月28日),1,1
E03462,株式会社セブン＆アイ・ホールディングス,S100QTV0,2023-02-28,2023-05-26 09:33,有価証券報告書－第18期(2022/03/01－2023/02/28),1,1
E03462,株式会社セブン＆アイ・ホールディングス,S100TIIX,2024-02-29,2024-05-29 12:05,有価証券報告書－第19期(2023/03/01－2024/02/29),1,1
E03462,株式会社セブン＆アイ・ホールディングス,S100VT7P,2025-02-28,2025-05-23 13:16,有価証券報告書－第20期(2024/03/01－2025/02/28),1,1
E03462,株式会社セブン＆アイ・ホールディングス,S100Y4VB,2026-02-28,2026-05-20 12:05,有価証券報告書－第21期(2025/03/01－2026/02/28),1,1
E03556,株式会社千葉銀行,S100LRSD,2021-03-31,2021-06-28 14:07,有価証券報告書－第115期(令和2年4月1日－令和3年3月31日),1,1
E03556,株式会社千葉銀行,S100OJJY,2022-03-31,2022-06-29 09:32,有価証券報告書－第116期(令和3年4月1日－令和4年3月31日),1,1
E03556,株式会社千葉銀行,S100R5SW,2023-03-31,2023-06-28 11:39,有価証券報告書－第117期(2022/04/01－2023/03/31),1,1
E03556,株式会社千葉銀行,S100TS7L,2024-03-31,2024-06-26 16:22,有価証券報告書－第118期(2023/04/01－2024/03/31),1,1
E03556,株式会社千葉銀行,S100W35G,2025-03-31,2025-06-24 12:51,有価証券報告書－第119期(2024/04/01－2025/03/31),1,1
E03556,株式会社千葉銀行,S100YDSE,2026-03-31,2026-06-19 09:02,有価証券報告書－第120期(2025/04/01－2026/03/31),1,1
E03606,株式会社三菱ＵＦＪフィナンシャル・グループ,S100LT95,2021-03-31,2021-06-29 15:44,有価証券報告書－第16期(令和2年4月1日－令和3年3月31日),1,1
E03606,株式会社三菱ＵＦＪフィナンシャル・グループ,S100OG6F,2022-03-31,2022-06-27 15:48,有価証券報告書－第17期(令和3年4月1日－令和4年3月31日),1,1
E03606,株式会社三菱ＵＦＪフィナンシャル・グループ,S100R4ZI,2023-03-31,2023-06-27 15:47,有価証券報告書－第18期(2022/04/01－2023/03/31),1,1
E03606,株式会社三菱ＵＦＪフィナンシャル・グループ,S100TRA1,2024-03-31,2024-06-25 15:39,有価証券報告書－第19期(2023/04/01－2024/03/31),1,1
E03606,株式会社三菱ＵＦＪフィナンシャル・グループ,S100W4FB,2025-03-31,2025-06-25 15:32,有価証券報告書－第20期(2024/04/01－2025/03/31),1,1
E03606,株式会社三菱ＵＦＪフィナンシャル・グループ,S100YJQO,2026-03-31,2026-06-24 15:39,有価証券報告書－第21期(2025/04/01－2026/03/31),1,1
E03610,株式会社　りそなホールディングス,S100LOV9,2021-03-31,2021-06-25 10:00,有価証券報告書－第20期(令和2年4月1日－令和3年3月31日),1,1
E03610,株式会社　りそなホールディングス,S100OEJM,2022-03-31,2022-06-28 10:03,有価証券報告書－第21期(令和3年4月1日－令和4年3月31日),1,1
E03610,株式会社　りそなホールディングス,S100R3ZD,2023-03-31,2023-06-27 10:00,有価証券報告書－第22期(2022/04/01－2023/03/31),1,1
E03610,株式会社　りそなホールディングス,S100TO8A,2024-03-31,2024-06-24 10:00,有価証券報告書－第23期(2023/04/01－2024/03/31),1,1
E03610,株式会社　りそなホールディングス,S100VY61,2025-03-31,2025-06-20 10:00,有価証券報告書－第24期(2024/04/01－2025/03/31),1,1
E03610,株式会社　りそなホールディングス,S100YDP3,2026-03-31,2026-06-19 10:00,有価証券報告書－第25期(2025/04/01－2026/03/31),1,1
E03611,三井住友トラスト・ホールディングス株式会社,S100LMPB,2021-03-31,2021-06-24 11:06,有価証券報告書－第10期(令和2年4月1日－令和3年3月31日),1,1
E03611,三井住友トラスト・ホールディングス株式会社,S100O9U5,2022-03-31,2022-06-24 10:07,有価証券報告書－第11期(令和3年4月1日－令和4年3月31日),1,1
E03611,三井住友トラスト・ホールディングス株式会社,S100R1NN,2023-03-31,2023-06-26 11:29,有価証券報告書－第12期(2022/04/01－2023/03/31),1,1
E03611,三井住友トラスト・ホールディングス株式会社,S100TN4M,2024-03-31,2024-06-21 10:24,有価証券報告書－第13期(2023/04/01－2024/03/31),1,1
E03611,三井住友トラストグループ株式会社,S100VXKF,2025-03-31,2025-06-18 10:11,有価証券報告書－第14期(2024/04/01－2025/03/31),1,1
E03611,三井住友トラストグループ株式会社,S100YBGM,2026-03-31,2026-06-17 10:05,有価証券報告書－第15期(2025/04/01－2026/03/31),1,1
E03614,株式会社三井住友フィナンシャルグループ,S100LU5N,2021-03-31,2021-06-29 15:39,有価証券報告書－第19期(令和2年4月1日－令和3年3月31日),1,1
E03614,株式会社三井住友フィナンシャルグループ,S100OCJ8,2022-03-31,2022-06-22 15:56,有価証券報告書－第20期(令和3年4月1日－令和4年3月31日),1,1
E03614,株式会社三井住友フィナンシャルグループ,S100R1RG,2023-03-31,2023-06-22 15:50,有価証券報告書－第21期(2022/04/01－2023/03/31),1,1
E03614,株式会社三井住友フィナンシャルグループ,S100TPKY,2024-03-31,2024-06-21 15:23,有価証券報告書－第22期(2023/04/01－2024/03/31),1,1
E03614,株式会社三井住友フィナンシャルグループ,S100W0S7,2025-03-31,2025-06-20 15:37,有価証券報告書－第23期(2024/04/01－2025/03/31),1,1
E03614,株式会社三井住友フィナンシャルグループ,S100YERK,2026-03-31,2026-06-19 15:03,有価証券報告書－第24期(2025/04/01－2026/03/31),1,1
E03615,株式会社みずほフィナンシャルグループ,S100LP1O,2021-03-31,2021-06-24 13:58,有価証券報告書－第19期(令和2年4月1日－令和3年3月31日),1,1
E03615,株式会社みずほフィナンシャルグループ,S100OCNV,2022-03-31,2022-06-22 13:47,有価証券報告書－第20期(令和3年4月1日－令和4年3月31日),1,1
E03615,株式会社みずほフィナンシャルグループ,S100QYQ4,2023-03-31,2023-06-16 13:37,有価証券報告書－第21期(2022/04/01－2023/03/31),1,1
E03615,株式会社みずほフィナンシャルグループ,S100TNUK,2024-03-31,2024-06-19 13:48,有価証券報告書－第22期(2023/04/01－2024/03/31),1,1
E03615,株式会社みずほフィナンシャルグループ,S100VYQX,2025-03-31,2025-06-17 13:40,有価証券報告書－第23期(2024/04/01－2025/03/31),1,1
E03615,株式会社みずほフィナンシャルグループ,S100YF8Y,2026-03-31,2026-06-19 13:24,有価証券報告書－第24期(2025/04/01－2026/03/31),1,1
E03752,野村ホールディングス株式会社,S100LKWQ,2021-03-31,2021-06-25 15:19,有価証券報告書－第117期(令和2年4月1日－令和3年3月31日),1,1
E03752,野村ホールディングス株式会社,S100O7UZ,2022-03-31,2022-06-24 15:33,有価証券報告書－第118期(令和3年4月1日－令和4年3月31日),1,1
E03752,野村ホールディングス株式会社,S100R4LO,2023-03-31,2023-06-28 15:53,有価証券報告書－第119期(2022/04/01－2023/03/31),1,1
E03752,野村ホールディングス株式会社,S100TTEY,2024-03-31,2024-06-26 15:04,有価証券報告書－第120期(2023/04/01－2024/03/31),1,1
E03752,野村ホールディングス株式会社,S100VXTD,2025-03-31,2025-06-23 16:00,有価証券報告書－第121期(2024/04/01－2025/03/31),1,1
E03752,野村ホールディングス株式会社,S100YC5C,2026-03-31,2026-06-22 15:36,有価証券報告書－第122期(2025/04/01－2026/03/31),1,1
E03753,株式会社大和証券グループ本社,S100LLQZ,2021-03-31,2021-06-24 15:18,有価証券報告書－第84期(令和2年4月1日－令和3年3月31日),1,1
E03753,株式会社大和証券グループ本社,S100OL76,2022-03-31,2022-06-29 15:15,有価証券報告書－第85期(令和3年4月1日－令和4年3月31日),1,1
E03753,株式会社大和証券グループ本社,S100R8NC,2023-03-31,2023-06-29 15:08,有価証券報告書－第86期(2022/04/01－2023/03/31),1,1
E03753,株式会社大和証券グループ本社,S100TQDT,2024-03-31,2024-06-24 15:08,有価証券報告書－第87期(2023/04/01－2024/03/31),1,1
E03753,株式会社大和証券グループ本社,S100VYQN,2025-03-31,2025-06-18 12:23,有価証券報告書－第88期(2024/04/01－2025/03/31),1,1
E03753,株式会社大和証券グループ本社,S100YCMP,2026-03-31,2026-06-17 11:49,有価証券報告書－第89期(2025/04/01－2026/03/31),1,1
E03847,東京海上ホールディングス株式会社,S100LPXJ,2021-03-31,2021-06-25 13:39,有価証券報告書－第19期(令和2年4月1日－令和3年3月31日),1,1
E03847,東京海上ホールディングス株式会社,S100OEK9,2022-03-31,2022-06-24 14:05,有価証券報告書－第20期(令和3年4月1日－令和4年3月31日),1,1
E03847,東京海上ホールディングス株式会社,S100R0BK,2023-03-31,2023-06-23 13:57,有価証券報告書－第21期(2022/04/01－2023/03/31),1,1
E03847,東京海上ホールディングス株式会社,S100TOZP,2024-03-31,2024-06-21 14:57,有価証券報告書－第22期(2023/04/01－2024/03/31),1,1
E03847,東京海上ホールディングス株式会社,S100VZFR,2025-03-31,2025-06-19 14:16,有価証券報告書－第23期(2024/04/01－2025/03/31),1,1
E03847,東京海上ホールディングス株式会社,S100YLS8,2026-03-31,2026-06-26 15:32,有価証券報告書－第24期(2025/04/01－2026/03/31),1,1
E03854,ＭＳ＆ＡＤインシュアランスグループホールディングス株式会社,S100LLG2,2021-03-31,2021-06-28 14:05,有価証券報告書－第13期(令和2年4月1日－令和3年3月31日),1,1
E03854,ＭＳ＆ＡＤインシュアランスグループホールディングス株式会社,S100OD53,2022-03-31,2022-06-27 14:47,有価証券報告書－第14期(令和3年4月1日－令和4年3月31日),1,1
E03854,ＭＳ＆ＡＤインシュアランスグループホールディングス株式会社,S100R36C,2023-03-31,2023-06-26 14:21,有価証券報告書－第15期(2022/04/01－2023/03/31),1,1
E03854,ＭＳ＆ＡＤインシュアランスグループホールディングス株式会社,S100TPAM,2024-03-31,2024-06-24 15:41,有価証券報告書－第16期(2023/04/01－2024/03/31),1,1
E03854,ＭＳ＆ＡＤインシュアランスグループホールディングス株式会社,S100W0ZR,2025-03-31,2025-06-20 15:59,有価証券報告書－第17期(2024/04/01－2025/03/31),1,1
E03854,ＭＳ＆ＡＤインシュアランスグループホールディングス株式会社,S100YNCJ,2026-03-31,2026-06-30 10:07,有価証券報告書－第18期(2025/04/01－2026/03/31),1,1
E03855,三井不動産株式会社,S100LOUC,2021-03-31,2021-06-29 15:11,有価証券報告書－第109期(令和2年4月1日－令和3年3月31日),1,1
E03855,三井不動産株式会社,S100OIF1,2022-03-31,2022-06-29 15:09,有価証券報告書－第110期(令和3年4月1日－令和4年3月31日),1,1
E03855,三井不動産株式会社,S100R9SS,2023-03-31,2023-06-29 16:33,有価証券報告書－第111期(2022/04/01－2023/03/31),1,1
E03855,三井不動産株式会社,S100TRIW,2024-03-31,2024-06-27 15:46,有価証券報告書－第112期(2023/04/01－2024/03/31),1,1
E03855,三井不動産株式会社,S100VWQS,2025-03-31,2025-06-25 15:42,有価証券報告書－第113期(2024/04/01－2025/03/31),1,1
E03855,三井不動産株式会社,S100YHUO,2026-03-31,2026-06-24 15:38,有価証券報告書－第114期(2025/04/01－2026/03/31),1,1
E03856,三菱地所株式会社,S100LTHE,2021-03-31,2021-06-29 15:26,有価証券報告書－第117期(令和2年4月1日－令和3年3月31日),1,1
E03856,三菱地所株式会社,S100OKQO,2022-03-31,2022-06-29 14:27,有価証券報告書－第118期(令和3年4月1日－令和4年3月31日),1,1
E03856,三菱地所株式会社,S100R7UL,2023-03-31,2023-06-29 14:44,有価証券報告書－第119期(2022/04/01－2023/03/31),1,1
E03856,三菱地所株式会社,S100TUBK,2024-03-31,2024-06-27 15:12,有価証券報告書－第120期(2023/04/01－2024/03/31),1,1
E03856,三菱地所株式会社,S100VYRJ,2025-03-31,2025-06-25 15:25,有価証券報告書－第121期(2024/04/01－2025/03/31),1,1
E03856,三菱地所株式会社,S100YBLA,2026-03-31,2026-06-24 12:30,有価証券報告書－第122期(2025/04/01－2026/03/31),1,1
E03907,住友不動産株式会社,S100LUUL,2021-03-31,2021-06-30 09:17,有価証券報告書－第88期(令和2年4月1日－令和3年3月31日),1,1
E03907,住友不動産株式会社,S100OLTA,2022-03-31,2022-06-30 09:14,有価証券報告書－第89期(令和3年4月1日－令和4年3月31日),1,1
E03907,住友不動産株式会社,S100R7LP,2023-03-31,2023-06-30 09:27,有価証券報告書－第90期(2022/04/01－2023/03/31),1,1
E03907,住友不動産株式会社,S100TUP0,2024-03-31,2024-06-28 09:38,有価証券報告書－第91期(2023/04/01－2024/03/31),1,1
E03907,住友不動産株式会社,S100W6AG,2025-03-31,2025-06-26 11:50,有価証券報告書－第92期(2024/04/01－2025/03/31),1,1
E03907,住友不動産株式会社,S100YI5D,2026-03-31,2026-06-24 15:45,有価証券報告書－第93期(2025/04/01－2026/03/31),1,1
E04060,野村不動産ホールディングス株式会社,S100LN6Y,2021-03-31,2021-06-24 17:00,有価証券報告書－第17期(令和2年4月1日－令和3年3月31日),1,1
E04060,野村不動産ホールディングス株式会社,S100OE9F,2022-03-31,2022-06-24 16:12,有価証券報告書－第18期(令和3年4月1日－令和4年3月31日),1,1
E04060,野村不動産ホールディングス株式会社,S100R1SN,2023-03-31,2023-06-23 15:40,有価証券報告書－第19期(2022/04/01－2023/03/31),1,1
E04060,野村不動産ホールディングス株式会社,S100TONZ,2024-03-31,2024-06-21 15:13,有価証券報告書－第20期(2023/04/01－2024/03/31),1,1
E04060,野村不動産ホールディングス株式会社,S100W3XD,2025-03-31,2025-06-25 11:31,有価証券報告書－第21期(2024/04/01－2025/03/31),1,1
E04060,野村不動産ホールディングス株式会社,S100YH2N,2026-03-31,2026-06-23 15:32,有価証券報告書－第22期(2025/04/01－2026/03/31),1,1
E04147,東日本旅客鉄道株式会社,S100LIXH,2021-03-31,2021-06-22 15:20,有価証券報告書－第34期(令和2年4月1日－令和3年3月31日),1,1
E04147,東日本旅客鉄道株式会社,S100OA8T,2022-03-31,2022-06-22 16:11,有価証券報告書－第35期(令和3年4月1日－令和4年3月31日),1,1
E04147,東日本旅客鉄道株式会社,S100R09D,2023-03-31,2023-06-22 14:52,有価証券報告書－第36期(2022/04/01－2023/03/31),1,1
E04147,東日本旅客鉄道株式会社,S100TNNU,2024-03-31,2024-06-20 13:47,有価証券報告書－第37期(2023/04/01－2024/03/31),1,1
E04147,東日本旅客鉄道株式会社,S100VYOS,2025-03-31,2025-06-18 16:03,有価証券報告書－第38期(2024/04/01－2025/03/31),1,1
E04147,東日本旅客鉄道株式会社,S100YC7N,2026-03-31,2026-06-17 17:07,有価証券報告書－第39期(2025/04/01－2026/03/31),1,1
E04148,西日本旅客鉄道株式会社,S100LO2J,2021-03-31,2021-06-24 10:00,有価証券報告書－第34期(令和2年4月1日－令和3年3月31日),1,1
E04148,西日本旅客鉄道株式会社,S100OFLP,2022-03-31,2022-06-24 15:00,有価証券報告書－第35期(令和3年4月1日－令和4年3月31日),1,1
E04148,西日本旅客鉄道株式会社,S100R4QG,2023-03-31,2023-06-26 15:13,有価証券報告書－第36期(2022/04/01－2023/03/31),1,1
E04148,西日本旅客鉄道株式会社,S100TOS4,2024-03-31,2024-06-20 15:08,有価証券報告書－第37期(2023/04/01－2024/03/31),1,1
E04148,西日本旅客鉄道株式会社,S100VYFN,2025-03-31,2025-06-16 16:48,有価証券報告書－第38期(2024/04/01－2025/03/31),1,1
E04148,西日本旅客鉄道株式会社,S100YCFK,2026-03-31,2026-06-16 13:05,有価証券報告書－第39期(2025/04/01－2026/03/31),1,1
E04149,東海旅客鉄道株式会社,S100LMCH,2021-03-31,2021-06-23 11:12,有価証券報告書－第34期(令和2年4月1日－令和3年3月31日),1,1
E04149,東海旅客鉄道株式会社,S100OC2F,2022-03-31,2022-06-23 13:33,有価証券報告書－第35期(令和3年4月1日－令和4年3月31日),1,1
E04149,東海旅客鉄道株式会社,S100R0WN,2023-03-31,2023-06-23 13:43,有価証券報告書－第36期(2022/04/01－2023/03/31),1,1
E04149,東海旅客鉄道株式会社,S100TNI7,2024-03-31,2024-06-21 15:06,有価証券報告書－第37期(2023/04/01－2024/03/31),1,1
E04149,東海旅客鉄道株式会社,S100W2Z6,2025-03-31,2025-06-24 12:54,有価証券報告書－第38期(2024/04/01－2025/03/31),1,1
E04149,東海旅客鉄道株式会社,S100YD7H,2026-03-31,2026-06-22 14:41,有価証券報告書－第39期(2025/04/01－2026/03/31),1,1
E04187,ヤマトホールディングス株式会社,S100LK4W,2021-03-31,2021-06-18 13:09,有価証券報告書－第156期(令和2年4月1日－令和3年3月31日),1,1
E04187,ヤマトホールディングス株式会社,S100O90Q,2022-03-31,2022-06-17 10:00,有価証券報告書－第157期(令和3年4月1日－令和4年3月31日),1,1
E04187,ヤマトホールディングス株式会社,S100QYKD,2023-03-31,2023-06-16 09:26,有価証券報告書－第158期(2022/04/01－2023/03/31),1,1
E04187,ヤマトホールディングス株式会社,S100TM6Q,2024-03-31,2024-06-14 09:06,有価証券報告書－第159期(2023/04/01－2024/03/31),1,1
E04187,ヤマトホールディングス株式会社,S100VXJ4,2025-03-31,2025-06-13 09:05,有価証券報告書－第160期(2024/04/01－2025/03/31),1,1
E04187,ヤマトホールディングス株式会社,S100YAYL,2026-03-31,2026-06-12 09:17,有価証券報告書－第161期(2025/04/01－2026/03/31),1,1
E04235,日本郵船株式会社,S100LK5W,2021-03-31,2021-06-18 12:27,有価証券報告書－第134期(令和2年4月1日－令和3年3月31日),1,1
E04235,日本郵船株式会社,S100OBUO,2022-03-31,2022-06-22 12:51,有価証券報告書－第135期(令和3年4月1日－令和4年3月31日),1,1
E04235,日本郵船株式会社,S100R01E,2023-03-31,2023-06-21 15:15,有価証券報告書－第136期(2022/04/01－2023/03/31),1,1
E04235,日本郵船株式会社,S100TNM1,2024-03-31,2024-06-19 12:24,有価証券報告書－第137期(2023/04/01－2024/03/31),1,1
E04235,日本郵船株式会社,S100VY80,2025-03-31,2025-06-17 11:00,有価証券報告書－第138期(2024/04/01－2025/03/31),1,1
E04235,日本郵船株式会社,S100YBT6,2026-03-31,2026-06-16 10:56,有価証券報告書－第139期(2025/04/01－2026/03/31),1,1
E04236,株式会社商船三井,S100LL1R,2021-03-31,2021-06-22 15:01,有価証券報告書,1,1
E04236,株式会社商船三井,S100OAA8,2022-03-31,2022-06-21 15:09,有価証券報告書,1,1
E04236,株式会社商船三井,S100QZLI,2023-03-31,2023-06-20 15:08,有価証券報告書,1,1
E04236,株式会社商船三井,S100TRP1,2024-03-31,2024-06-25 15:05,有価証券報告書,1,1
E04236,株式会社　商船三井,S100W1NC,2025-03-31,2025-06-23 09:02,有価証券報告書,1,1
E04236,株式会社　商船三井,S100YI2T,2026-03-31,2026-06-23 15:04,有価証券報告書,1,1
E04237,川崎汽船株式会社,S100LLMF,2021-03-31,2021-06-23 14:52,有価証券報告書－第153期(令和2年4月1日－令和3年3月31日),1,1
E04237,川崎汽船株式会社,S100O8Q8,2022-03-31,2022-06-23 14:43,有価証券報告書－第154期(令和3年4月1日－令和4年3月31日),1,1
E04237,川崎汽船株式会社,S100QZPH,2023-03-31,2023-06-23 14:52,有価証券報告書－第155期(2022/04/01－2023/03/31),1,1
E04237,川崎汽船株式会社,S100TMYK,2024-03-31,2024-06-21 14:16,有価証券報告書－第156期(2023/04/01－2024/03/31),1,1
E04237,川崎汽船株式会社,S100VYMJ,2025-03-31,2025-06-19 10:04,有価証券報告書－第157期(2024/04/01－2025/03/31),1,1
E04237,川崎汽船株式会社,S100YC6B,2026-03-31,2026-06-18 09:43,有価証券報告書－第158期(2025/04/01－2026/03/31),1,1
E04272,日本航空株式会社,S100LK6A,2021-03-31,2021-06-18 15:00,有価証券報告書－第72期(令和2年4月1日－令和3年3月31日),1,1
E04272,日本航空株式会社,S100OBZH,2022-03-31,2022-06-22 15:00,有価証券報告書－第73期(令和3年4月1日－令和4年3月31日),1,1
E04272,日本航空株式会社,S100R3GK,2023-03-31,2023-06-26 15:00,有価証券報告書－第74期(2022/04/01－2023/03/31),1,1
E04272,日本航空株式会社,S100TNGJ,2024-03-31,2024-06-19 15:00,有価証券報告書－第75期(2023/04/01－2024/03/31),1,1
E04272,日本航空株式会社,S100W1KL,2025-03-31,2025-06-23 15:30,有価証券報告書－第76期(2024/04/01－2025/03/31),1,1
E04272,日本航空株式会社,S100YFIO,2026-03-31,2026-06-22 15:30,有価証券報告書－第77期(2025/04/01－2026/03/31),1,1
E04273,ＡＮＡホールディングス株式会社,S100LVSH,2021-03-31,2021-06-30 13:35,有価証券報告書－第71期(令和2年4月1日－令和3年3月31日),1,1
E04273,ＡＮＡホールディングス株式会社,S100OBMW,2022-03-31,2022-06-21 14:42,有価証券報告書－第72期(令和3年4月1日－令和4年3月31日),1,1
E04273,ＡＮＡホールディングス株式会社,S100R7LB,2023-03-31,2023-06-28 12:03,有価証券報告書－第73期(2022/04/01－2023/03/31),1,1
E04273,ＡＮＡホールディングス株式会社,S100TXYR,2024-03-31,2024-06-28 13:43,有価証券報告書－第74期(2023/04/01－2024/03/31),1,1
E04273,ＡＮＡホールディングス株式会社,S100W708,2025-03-31,2025-06-26 11:38,有価証券報告書－第75期(2024/04/01－2025/03/31),1,1
E04273,ＡＮＡホールディングス株式会社,S100YKL4,2026-03-31,2026-06-25 11:21,有価証券報告書－第76期(2025/04/01－2026/03/31),1,1
E04283,三菱倉庫株式会社,S100LKF3,2021-03-31,2021-06-29 13:04,有価証券報告書－第218期(令和2年4月1日－令和3年3月31日),1,1
E04283,三菱倉庫株式会社,S100OD0M,2022-03-31,2022-06-29 13:06,有価証券報告書－第219期(令和3年4月1日－令和4年3月31日),1,1
E04283,三菱倉庫株式会社,S100R7D0,2023-03-31,2023-06-29 13:04,有価証券報告書－第220期(2022/04/01－2023/03/31),1,1
E04283,三菱倉庫株式会社,S100TRBR,2024-03-31,2024-06-27 14:06,有価証券報告書－第221期(2023/04/01－2024/03/31),1,1
E04283,三菱倉庫株式会社,S100W207,2025-03-31,2025-06-25 09:22,有価証券報告書－第222期(2024/04/01－2025/03/31),1,1
E04283,三菱倉庫株式会社,S100YA7K,2026-03-31,2026-06-24 09:10,有価証券報告書－第223期(2025/04/01－2026/03/31),1,1
E04289,日本トランスシティ株式会社,S100LRH2,2021-03-31,2021-06-29 13:20,有価証券報告書－第107期(令和2年4月1日－令和3年3月31日),1,1
E04289,日本トランスシティ株式会社,S100OIX8,2022-03-31,2022-06-29 13:35,有価証券報告書－第108期(令和3年4月1日－令和4年3月31日),1,1
E04289,日本トランスシティ株式会社,S100R8OV,2023-03-31,2023-06-29 13:29,有価証券報告書－第109期(2022/04/01－2023/03/31),1,1
E04289,日本トランスシティ株式会社,S100TRG3,2024-03-31,2024-06-27 13:09,有価証券報告書－第110期(2023/04/01－2024/03/31),1,1
E04289,日本トランスシティ株式会社,S100W4H5,2025-03-31,2025-06-25 14:43,有価証券報告書－第111期(2024/04/01－2025/03/31),1,1
E04289,日本トランスシティ株式会社,S100YGL7,2026-03-31,2026-06-24 09:04,有価証券報告書－第112期(2025/04/01－2026/03/31),1,1
E04345,株式会社上組,S100LUK7,2021-03-31,2021-06-30 09:39,有価証券報告書－第82期(令和2年4月1日－令和3年3月31日),1,1
E04345,株式会社上組,S100OJU3,2022-03-31,2022-06-30 09:41,有価証券報告書－第83期(令和3年4月1日－令和4年3月31日),1,1
E04345,株式会社上組,S100R341,2023-03-31,2023-06-30 09:53,有価証券報告書－第84期(2022/04/01－2023/03/31),1,1
E04345,株式会社上組,S100TPIB,2024-03-31,2024-06-28 11:50,有価証券報告書－第85期(2023/04/01－2024/03/31),1,1
E04345,株式会社上組,S100VZET,2025-03-31,2025-06-30 09:14,有価証券報告書－第86期(2024/04/01－2025/03/31),1,1
E04345,株式会社上組,S100YG9D,2026-03-31,2026-06-25 14:00,有価証券報告書－第87期(2025/04/01－2026/03/31),1,1
E04425,ＫＤＤＩ株式会社,S100LNJC,2021-03-31,2021-06-24 15:12,有価証券報告書－第37期(令和2年4月1日－令和3年3月31日),1,1
E04425,ＫＤＤＩ株式会社,S100OC94,2022-03-31,2022-06-23 15:00,有価証券報告書－第38期(令和3年4月1日－令和4年3月31日),1,1
E04425,ＫＤＤＩ株式会社,S100R0PR,2023-03-31,2023-06-22 15:00,有価証券報告書－第39期(2022/04/01－2023/03/31),1,1
E04425,ＫＤＤＩ株式会社,S100TN7R,2024-03-31,2024-06-20 15:00,有価証券報告書－第40期(2023/04/01－2024/03/31),1,1
E04425,ＫＤＤＩ株式会社,S100VXGZ,2025-03-31,2025-06-13 15:30,有価証券報告書－第41期(2024/04/01－2025/03/31),1,1
E04425,ＫＤＤＩ株式会社,S100YKG2,2026-03-31,2026-06-25 15:30,有価証券報告書－第42期(2025/04/01－2026/03/31),1,1
E04426,ソフトバンク株式会社,S100LMHZ,2021-03-31,2021-06-23 15:00,有価証券報告書－第35期(令和2年4月1日－令和3年3月31日),1,1
E04426,ソフトバンク株式会社,S100OEL7,2022-03-31,2022-06-24 15:01,有価証券報告書－第36期(令和3年4月1日－令和4年3月31日),1,1
E04426,ソフトバンク株式会社,S100R04O,2023-03-31,2023-06-21 15:01,有価証券報告書－第37期(2022/04/01－2023/03/31),1,1
E04426,ソフトバンク株式会社,S100TP4K,2024-03-31,2024-06-21 15:00,有価証券報告書－第38期(2023/04/01－2024/03/31),1,1
E04426,ソフトバンク株式会社,S100W3P2,2025-03-31,2025-06-25 15:30,有価証券報告書－第39期(2024/04/01－2025/03/31),1,1
E04426,ソフトバンク株式会社,S100YE76,2026-03-31,2026-06-19 15:30,有価証券報告書－第40期(2025/04/01－2026/03/31),1,1
E04430,日本電信電話株式会社,S100LRAE,2021-03-31,2021-06-25 15:29,有価証券報告書－第36期(令和2年4月1日－令和3年3月31日),1,1
E04430,日本電信電話株式会社,S100OHL0,2022-03-31,2022-06-27 15:00,有価証券報告書－第37期(令和3年4月1日－令和4年3月31日),1,1
E04430,日本電信電話株式会社,S100R2ZO,2023-03-31,2023-06-23 15:00,有価証券報告書－第38期(2022/04/01－2023/03/31),1,1
E04430,日本電信電話株式会社,S100TPQI,2024-03-31,2024-06-21 15:00,有価証券報告書－第39期(2023/04/01－2024/03/31),1,1
E04430,日本電信電話株式会社,S100W1FL,2025-03-31,2025-06-20 15:30,有価証券報告書－第40期(2024/04/01－2025/03/31),1,1
E04430,ＮＴＴ株式会社,S100YCP3,2026-03-31,2026-06-16 15:51,有価証券報告書－第41期(2025/04/01－2026/03/31),1,1
E04498,東京電力ホールディングス株式会社,S100LV6U,2021-03-31,2021-06-30 10:34,有価証券報告書－第97期(令和2年4月1日－令和3年3月31日),1,1
E04498,東京電力ホールディングス株式会社,S100OKB1,2022-03-31,2022-06-29 09:20,有価証券報告書－第98期(令和3年4月1日－令和4年3月31日),1,1
E04498,東京電力ホールディングス株式会社,S100R8P3,2023-03-31,2023-06-29 09:46,有価証券報告書－第99期(2022/04/01－2023/03/31),1,1
E04498,東京電力ホールディングス株式会社,S100TVQJ,2024-03-31,2024-06-27 10:32,有価証券報告書－第100期(2023/04/01－2024/03/31),1,1
E04498,東京電力ホールディングス株式会社,S100W4QX,2025-03-31,2025-06-25 14:44,有価証券報告書－第101期(2024/04/01－2025/03/31),1,1
E04498,東京電力ホールディングス株式会社,S100YIHR,2026-03-31,2026-06-24 11:36,有価証券報告書－第102期(2025/04/01－2026/03/31),1,1
E04499,関西電力株式会社,S100LKRF,2021-03-31,2021-06-28 13:49,有価証券報告書－第97期(令和2年4月1日－令和3年3月31日),1,1
E04499,関西電力株式会社,S100OJ76,2022-03-31,2022-06-29 11:57,有価証券報告書－第98期(令和3年4月1日－令和4年3月31日),1,1
E04499,関西電力株式会社,S100R4SI,2023-03-31,2023-06-29 12:03,有価証券報告書－第99期(2022/04/01－2023/03/31),1,1
E04499,関西電力株式会社,S100TUNQ,2024-03-31,2024-06-27 15:15,有価証券報告書－第100期(2023/04/01－2024/03/31),1,1
E04499,関西電力株式会社,S100W38I,2025-03-31,2025-06-25 09:02,有価証券報告書－第101期(2024/04/01－2025/03/31),1,1
E04499,関西電力株式会社,S100YFXZ,2026-03-31,2026-06-24 09:48,有価証券報告書－第102期(2025/04/01－2026/03/31),1,1
E04502,中部電力株式会社,S100LNJL,2021-03-31,2021-06-28 15:00,有価証券報告書－第97期(令和2年4月1日－令和3年3月31日),1,1
E04502,中部電力株式会社,S100NM6F,2022-03-31,2022-06-29 15:06,有価証券報告書－第98期(令和3年4月1日－令和4年3月31日),1,1
E04502,中部電力株式会社,S100R9SJ,2023-03-31,2023-06-29 15:27,有価証券報告書－第99期(2022/04/01－2023/03/31),1,1
E04502,中部電力株式会社,S100T3LA,2024-03-31,2024-06-27 15:08,有価証券報告書－第100期(2023/04/01－2024/03/31),1,1
E04502,中部電力株式会社,S100VZ3E,2025-03-31,2025-06-25 10:12,有価証券報告書－第101期(2024/04/01－2025/03/31),1,1
E04502,中部電力株式会社,S100YDH0,2026-03-31,2026-06-24 10:04,有価証券報告書－第102期(2025/04/01－2026/03/31),1,1
E04514,東京瓦斯株式会社,S100LSTE,2021-03-31,2021-06-29 16:02,有価証券報告書－第221期(令和2年4月1日－令和3年3月31日),1,1
E04514,東京瓦斯株式会社,S100OJKI,2022-03-31,2022-06-29 15:45,有価証券報告書－第222期(令和3年4月1日－令和4年3月31日),1,1
E04514,東京瓦斯株式会社,S100R87L,2023-03-31,2023-06-29 11:21,有価証券報告書－第223期(2022/04/01－2023/03/31),1,1
E04514,東京瓦斯株式会社,S100TUIH,2024-03-31,2024-06-27 14:08,有価証券報告書－第224期(2023/04/01－2024/03/31),1,1
E04514,東京瓦斯株式会社,S100W10L,2025-03-31,2025-06-24 09:31,有価証券報告書－第225期(2024/04/01－2025/03/31),1,1
E04514,東京瓦斯株式会社,S100YH8W,2026-03-31,2026-06-23 13:49,有価証券報告書－第226期(2025/04/01－2026/03/31),1,1
E04517,東邦瓦斯株式会社,S100LU88,2021-03-31,2021-06-29 11:29,有価証券報告書－第150期(令和2年4月1日－令和3年3月31日),1,1
E04517,東邦瓦斯株式会社,S100OJ8Y,2022-03-31,2022-06-30 13:11,有価証券報告書－第151期(令和3年4月1日－令和4年3月31日),1,1
E04517,東邦瓦斯株式会社,S100R5O1,2023-03-31,2023-06-29 13:49,有価証券報告書－第152期(2022/04/01－2023/03/31),1,1
E04517,東邦瓦斯株式会社,S100TTYV,2024-03-31,2024-06-26 13:42,有価証券報告書－第153期(2023/04/01－2024/03/31),1,1
E04517,東邦瓦斯株式会社,S100W1IJ,2025-03-31,2025-06-24 11:51,有価証券報告書－第154期(2024/04/01－2025/03/31),1,1
E04517,東邦瓦斯株式会社,S100YGFW,2026-03-31,2026-06-23 12:11,有価証券報告書－第155期(2025/04/01－2026/03/31),1,1
E04520,大阪瓦斯株式会社,S100LKB5,2021-03-31,2021-06-28 09:49,有価証券報告書－第203期(令和2年4月1日－令和3年3月31日),1,1
E04520,大阪瓦斯株式会社,S100OIE9,2022-03-31,2022-06-28 15:19,有価証券報告書－第204期(令和3年4月1日－令和4年3月31日),1,1
E04520,大阪瓦斯株式会社,S100R1CK,2023-03-31,2023-06-23 15:31,有価証券報告書－第205期(2022/04/01－2023/03/31),1,1
E04520,大阪瓦斯株式会社,S100TS4T,2024-03-31,2024-06-27 16:06,有価証券報告書－第206期(2023/04/01－2024/03/31),1,1
E04520,大阪瓦斯株式会社,S100W0XR,2025-03-31,2025-06-23 09:30,有価証券報告書－第207期(2024/04/01－2025/03/31),1,1
E04520,大阪瓦斯株式会社,S100YFQT,2026-03-31,2026-06-22 10:00,有価証券報告書－第208期(2025/04/01－2026/03/31),1,1
E04707,株式会社オリエンタルランド,S100LQYW,2021-03-31,2021-06-29 15:12,有価証券報告書－第61期(令和2年4月1日－令和3年3月31日),1,1
E04707,株式会社オリエンタルランド,S100OI12,2022-03-31,2022-06-29 15:03,有価証券報告書－第62期(令和3年4月1日－令和4年3月31日),1,1
E04707,株式会社オリエンタルランド,S100R8C8,2023-03-31,2023-06-29 14:20,有価証券報告書－第63期(2022/04/01－2023/03/31),1,1
E04707,株式会社オリエンタルランド,S100TV8H,2024-03-31,2024-06-27 13:43,有価証券報告書－第64期(2023/04/01－2024/03/31),1,1
E04707,株式会社オリエンタルランド,S100VY55,2025-03-31,2025-06-26 15:30,有価証券報告書－第65期(2024/04/01－2025/03/31),1,1
E04707,株式会社オリエンタルランド,S100YCJX,2026-03-31,2026-06-25 15:31,有価証券報告書－第66期(2025/04/01－2026/03/31),1,1
E04762,オリックス株式会社,S100LU21,2021-03-31,2021-06-29 10:01,有価証券報告書－第58期(令和2年4月1日－令和3年3月31日),1,1
E04762,オリックス株式会社,S100OKI8,2022-03-31,2022-06-29 10:00,有価証券報告書－第59期(令和3年4月1日－令和4年3月31日),1,1
E04762,オリックス株式会社,S100R3ZX,2023-03-31,2023-06-26 10:01,有価証券報告書－第60期(2022/04/01－2023/03/31),1,1
E04762,オリックス株式会社,S100TVRC,2024-03-31,2024-06-27 10:00,有価証券報告書－第61期(2023/04/01－2024/03/31),1,1
E04762,オリックス株式会社,S100W3GQ,2025-03-31,2025-06-24 10:10,有価証券報告書－第62期(2024/04/01－2025/03/31),1,1
E04762,オリックス株式会社,S100YG5L,2026-03-31,2026-06-22 10:00,有価証券報告書－第63期(2025/04/01－2026/03/31),1,1
E05000,Ｚホールディングス株式会社,S100LJN6,2021-03-31,2021-06-17 15:35,有価証券報告書－第26期(令和2年4月1日－令和3年3月31日),1,1
E05000,Ｚホールディングス株式会社,S100O94C,2022-03-31,2022-06-16 16:05,有価証券報告書－第27期(令和3年4月1日－令和4年3月31日),1,1
E05000,Ｚホールディングス株式会社,S100QY1D,2023-03-31,2023-06-15 16:04,有価証券報告書－第28期(2022/04/01－2023/03/31),1,1
E05000,ＬＩＮＥヤフー株式会社,S100TM4A,2024-03-31,2024-06-17 15:05,有価証券報告書－第29期(2023/04/01－2024/03/31),1,1
E05000,ＬＩＮＥヤフー株式会社,S100VYGU,2025-03-31,2025-06-18 15:34,有価証券報告書－第30期(2024/04/01－2025/03/31),1,1
E05000,ＬＩＮＥヤフー株式会社,S100YBXD,2026-03-31,2026-06-18 15:37,有価証券報告書－第31期(2025/04/01－2026/03/31),1,1
E05041,ＧＭＯインターネット株式会社,S100L036,2020-12-31,2021-03-22 16:33,有価証券報告書－第30期(令和2年1月1日－令和2年12月31日),1,1
E05041,ＧＭＯインターネット株式会社,S100NPD5,2021-12-31,2022-03-22 17:06,有価証券報告書－第31期(令和3年1月1日－令和3年12月31日),1,1
E05041,ＧＭＯインターネットグループ株式会社,S100QGE9,2022-12-31,2023-03-27 16:07,有価証券報告書－第32期(2022/01/01－2022/12/31),1,1
E05041,ＧＭＯインターネットグループ株式会社,S100T3H4,2023-12-31,2024-03-22 16:59,有価証券報告書－第33期(2023/01/01－2023/12/31),1,1
E05041,ＧＭＯインターネットグループ株式会社,S100VG8D,2024-12-31,2025-03-24 16:36,有価証券報告書－第34期(2024/01/01－2024/12/31),1,1
E05041,ＧＭＯインターネットグループ株式会社,S100XSG3,2025-12-31,2026-03-23 16:33,有価証券報告書－第35期(2025/01/01－2025/12/31),1,1
E05072,株式会社サイバーエージェント,S100N0OD,2021-09-30,2021-12-10 15:13,有価証券報告書－第24期(令和2年10月1日－令和3年9月30日),1,1
E05072,株式会社サイバーエージェント,S100PRZU,2022-09-30,2022-12-09 15:04,有価証券報告書－第25期(令和3年10月1日－令和4年9月30日),1,1
E05072,株式会社サイバーエージェント,S100SFQ1,2023-09-30,2023-12-08 15:14,有価証券報告書－第26期(2022/10/01－2023/09/30),1,1
E05072,株式会社サイバーエージェント,S100UXZA,2024-09-30,2024-12-13 15:43,有価証券報告書－第27期(2023/10/01－2024/09/30),1,1
E05072,株式会社サイバーエージェント,S100XCU9,2025-09-30,2025-12-24 16:11,有価証券報告書－第28期(2024/10/01－2025/09/30),1,1
E05080,楽天株式会社,S100L1HG,2020-12-31,2021-03-30 15:12,有価証券報告書－第24期(令和2年1月1日－令和2年12月31日),1,1
E05080,楽天グループ株式会社,S100NQTZ,2021-12-31,2022-03-30 15:00,有価証券報告書－第25期(令和3年1月1日－令和3年12月31日),1,1
E05080,楽天グループ株式会社,S100QDTK,2022-12-31,2023-03-30 15:00,有価証券報告書－第26期(2022/01/01－2022/12/31),1,1
E05080,楽天グループ株式会社,S100T4X3,2023-12-31,2024-03-28 15:00,有価証券報告書－第27期(2023/01/01－2023/12/31),1,1
E05080,楽天グループ株式会社,S100VHZ5,2024-12-31,2025-03-28 15:33,有価証券報告書－第28期(2024/01/01－2024/12/31),1,1
E05080,楽天グループ株式会社,S100XTNW,2025-12-31,2026-03-26 15:30,有価証券報告書－第29期(2025/01/01－2025/12/31),1,1
E05159,ＳＢＩホールディングス株式会社,S100LU0J,2021-03-31,2021-06-29 14:00,有価証券報告書－第23期(令和2年4月1日－令和3年3月31日),1,1
E05159,ＳＢＩホールディングス株式会社,S100R9J7,2023-03-31,2023-06-30 10:00,有価証券報告書－第25期(2022/04/01－2023/03/31),1,1
E05159,ＳＢＩホールディングス株式会社,S100TTO4,2024-03-31,2024-06-27 13:32,有価証券報告書－第26期(2023/04/01－2024/03/31),1,1
E05159,ＳＢＩホールディングス株式会社,S100W739,2025-03-31,2025-06-26 15:45,有価証券報告書－第27期(2024/04/01－2025/03/31),1,1
E05159,ＳＢＩホールディングス株式会社,S100YK3R,2026-03-31,2026-06-25 15:48,有価証券報告書－第28期(2025/04/01－2026/03/31),1,1
E05346,東京センチュリー株式会社,S100LLRR,2021-03-31,2021-06-28 16:53,有価証券報告書－第52期(令和2年4月1日－令和3年3月31日),1,1
E05346,東京センチュリー株式会社,S100OFRN,2022-03-31,2022-06-27 16:31,有価証券報告書－第53期(令和3年4月1日－令和4年3月31日),1,1
E05346,東京センチュリー株式会社,S100R2ZU,2023-03-31,2023-06-26 15:42,有価証券報告書－第54期(2022/04/01－2023/03/31),1,1
E05346,東京センチュリー株式会社,S100TQ8K,2024-03-31,2024-06-24 16:59,有価証券報告書－第55期(2023/04/01－2024/03/31),1,1
E05346,東京センチュリー株式会社,S100VZGW,2025-03-31,2025-06-20 16:51,有価証券報告書－第56期(2024/04/01－2025/03/31),1,1
E05346,東京センチュリー株式会社,S100YDRI,2026-03-31,2026-06-19 13:23,有価証券報告書－第57期(2025/04/01－2026/03/31),1,1
E05425,エムスリー株式会社,S100LS8W,2021-03-31,2021-06-28 13:34,有価証券報告書－第21期(令和2年4月1日－令和3年3月31日),1,1
E05425,エムスリー株式会社,S100OJCD,2022-03-31,2022-06-29 09:34,有価証券報告書－第22期(令和3年4月1日－令和4年3月31日),1,1
E05425,エムスリー株式会社,S100R87E,2023-03-31,2023-06-29 09:35,有価証券報告書－第23期(2022/04/01－2023/03/31),1,1
E05425,エムスリー株式会社,S100TVWH,2024-03-31,2024-06-27 14:53,有価証券報告書－第24期(2023/04/01－2024/03/31),1,1
E05425,エムスリー株式会社,S100W3NK,2025-03-31,2025-06-25 16:33,有価証券報告書－第25期(2024/04/01－2025/03/31),1,1
E05425,エムスリー株式会社,S100YJ25,2026-03-31,2026-06-25 15:32,有価証券報告書－第26期(2025/04/01－2026/03/31),1,1
E05460,株式会社ディー・エヌ・エー,S100LLRU,2021-03-31,2021-06-22 15:06,有価証券報告書－第23期(令和2年4月1日－令和3年3月31日),1,1
E05460,株式会社ディー・エヌ・エー,S100OGEE,2022-03-31,2022-06-27 15:11,有価証券報告書－第24期(令和3年4月1日－令和4年3月31日),1,1
E05460,株式会社ディー・エヌ・エー,S100R3HZ,2023-03-31,2023-06-26 15:55,有価証券報告書－第25期(2022/04/01－2023/03/31),1,1
E05460,株式会社ディー・エヌ・エー,S100TQ8O,2024-03-31,2024-06-24 15:17,有価証券報告書－第26期(2023/04/01－2024/03/31),1,1
E05460,株式会社ディー・エヌ・エー,S100VZE0,2025-03-31,2025-06-20 11:37,有価証券報告書－第27期(2024/04/01－2025/03/31),1,1
E05460,株式会社ディー・エヌ・エー,S100YLDV,2026-03-31,2026-06-26 11:54,有価証券報告書－第28期(2025/04/01－2026/03/31),1,1
E06141,第一生命ホールディングス株式会社,S100LI6O,2021-03-31,2021-06-22 09:13,有価証券報告書－第119期(令和2年4月1日－令和3年3月31日),1,1
E06141,第一生命ホールディングス株式会社,S100O9KU,2022-03-31,2022-06-21 09:07,有価証券報告書－第120期(令和3年4月1日－令和4年3月31日),1,1
E06141,第一生命ホールディングス株式会社,S100R314,2023-03-31,2023-06-27 14:17,有価証券報告書－第121期(2022/04/01－2023/03/31),1,1
E06141,第一生命ホールディングス株式会社,S100TQJ1,2024-03-31,2024-06-25 09:56,有価証券報告書－第122期(2023/04/01－2024/03/31),1,1
E06141,第一生命ホールディングス株式会社,S100VZZW,2025-03-31,2025-06-19 17:12,有価証券報告書－第123期(2024/04/01－2025/03/31),1,1
E06141,株式会社第一ライフグループ,S100YC7A,2026-03-31,2026-06-16 16:38,有価証券報告書－第124期(2025/04/01－2026/03/31),1,1
E07801,株式会社リクルートホールディングス,S100LK9F,2021-03-31,2021-06-18 15:00,有価証券報告書－第61期(令和2年4月1日－令和3年3月31日),1,1
E07801,株式会社リクルートホールディングス,S100O9QT,2022-03-31,2022-06-22 15:00,有価証券報告書－第62期(令和3年4月1日－令和4年3月31日),1,1
E07801,株式会社リクルートホールディングス,S100R3LU,2023-03-31,2023-06-27 15:00,有価証券報告書－第63期(2022/04/01－2023/03/31),1,1
E07801,株式会社リクルートホールディングス,S100TNM6,2024-03-31,2024-06-21 15:00,有価証券報告書－第64期(2023/04/01－2024/03/31),1,1
E07801,株式会社リクルートホールディングス,S100VZG5,2025-03-31,2025-06-23 15:30,有価証券報告書－第65期(2024/04/01－2025/03/31),1,1
E07801,株式会社リクルートホールディングス,S100YDHL,2026-03-31,2026-06-19 15:30,有価証券報告書－第66期(2025/04/01－2026/03/31),1,1
E11873,日本製紙株式会社,S100LRPU,2021-03-31,2021-06-29 14:07,有価証券報告書－第97期(令和2年4月1日－令和3年3月31日),1,1
E11873,日本製紙株式会社,S100OJ93,2022-03-31,2022-06-29 15:02,有価証券報告書－第98期(令和3年4月1日－令和4年3月31日),1,1
E11873,日本製紙株式会社,S100R8UQ,2023-03-31,2023-06-29 14:17,有価証券報告書－第99期(2022/04/01－2023/03/31),1,1
E11873,日本製紙株式会社,S100TU89,2024-03-31,2024-06-27 16:26,有価証券報告書－第100期(2023/04/01－2024/03/31),1,1
E11873,日本製紙株式会社,S100W5KI,2025-03-31,2025-06-26 15:01,有価証券報告書－第101期(2024/04/01－2025/03/31),1,1
E11873,日本製紙株式会社,S100YJ5X,2026-03-31,2026-06-25 14:12,有価証券報告書－第102期(2025/04/01－2026/03/31),1,1
E21183,大塚ホールディングス株式会社,S100L3LV,2020-12-31,2021-03-31 16:11,有価証券報告書－第13期(令和2年1月1日－令和2年12月31日),1,1
E21183,大塚ホールディングス株式会社,S100NTB1,2021-12-31,2022-03-31 16:13,有価証券報告書－第14期(令和3年1月1日－令和3年12月31日),1,1
E21183,大塚ホールディングス株式会社,S100QJ0T,2022-12-31,2023-03-31 16:13,有価証券報告書－第15期(2022/01/01－2022/12/31),1,1
E21183,大塚ホールディングス株式会社,S100T6VU,2023-12-31,2024-03-29 16:07,有価証券報告書－第16期(2023/01/01－2023/12/31),1,1
E21183,大塚ホールディングス株式会社,S100VJ30,2024-12-31,2025-03-31 11:04,有価証券報告書－第17期(2024/01/01－2024/12/31),1,1
E21183,大塚ホールディングス株式会社,S100XUA7,2025-12-31,2026-03-26 10:13,有価証券報告書－第18期(2025/01/01－2025/12/31),1,1
E21342,住石ホールディングス株式会社,S100LU6X,2021-03-31,2021-06-29 13:38,有価証券報告書－第13期(令和2年4月1日－令和3年3月31日),1,1
E21342,住石ホールディングス株式会社,S100OKGJ,2022-03-31,2022-06-29 13:12,有価証券報告書－第14期(令和3年4月1日－令和4年3月31日),1,1
E21342,住石ホールディングス株式会社,S100R87R,2023-03-31,2023-06-29 13:23,有価証券報告書－第15期(2022/04/01－2023/03/31),1,1
E21342,住石ホールディングス株式会社,S100TVLR,2024-03-31,2024-06-27 15:46,有価証券報告書－第16期(2023/04/01－2024/03/31),1,1
E21342,住石ホールディングス株式会社,S100W829,2025-03-31,2025-06-27 15:30,有価証券報告書－第17期(2024/04/01－2025/03/31),1,1
E21342,住石ホールディングス株式会社,S100YKD1,2026-03-31,2026-06-25 15:30,有価証券報告書－第18期(2025/04/01－2026/03/31),1,1
E21902,明治ホールディングス株式会社,S100LSB3,2021-03-31,2021-06-29 12:04,有価証券報告書－第12期(令和2年4月1日－令和3年3月31日),1,1
E21902,明治ホールディングス株式会社,S100OJZO,2022-03-31,2022-06-29 13:19,有価証券報告書－第13期(令和3年4月1日－令和4年3月31日),1,1
E21902,明治ホールディングス株式会社,S100R9C9,2023-03-31,2023-06-29 12:58,有価証券報告書－第14期(2022/04/01－2023/03/31),1,1
E21902,明治ホールディングス株式会社,S100TW0N,2024-03-31,2024-06-27 13:06,有価証券報告書－第15期(2023/04/01－2024/03/31),1,1
E21902,明治ホールディングス株式会社,S100W6WK,2025-03-31,2025-06-26 12:00,有価証券報告書－第16期(2024/04/01－2025/03/31),1,1
E21902,明治ホールディングス株式会社,S100YILP,2026-03-31,2026-06-24 14:35,有価証券報告書－第17期(2025/04/01－2026/03/31),1,1
E23924,ＳＯＭＰＯホールディングス株式会社,S100LQU4,2021-03-31,2021-06-25 13:37,有価証券報告書－第11期(令和2年4月1日－令和3年3月31日),1,1
E23924,ＳＯＭＰＯホールディングス株式会社,S100OB0Z,2022-03-31,2022-06-24 13:32,有価証券報告書－第12期(令和3年4月1日－令和4年3月31日),1,1
E23924,ＳＯＭＰＯホールディングス株式会社,S100R1LR,2023-03-31,2023-06-23 13:43,有価証券報告書－第13期(2022/04/01－2023/03/31),1,1
E23924,ＳＯＭＰＯホールディングス株式会社,S100TNPG,2024-03-31,2024-06-21 14:22,有価証券報告書－第14期(2023/04/01－2024/03/31),1,1
E23924,ＳＯＭＰＯホールディングス株式会社,S100W7EG,2025-03-31,2025-06-30 14:40,有価証券報告書－第15期(2024/04/01－2025/03/31),1,1
E23924,ＳＯＭＰＯホールディングス株式会社,S100YC6Z,2026-03-31,2026-06-17 14:16,有価証券報告書－第16期(2025/04/01－2026/03/31),1,1
E24050,ＥＮＥＯＳホールディングス株式会社,S100LOOZ,2021-03-31,2021-06-25 14:41,有価証券報告書－第11期(令和2年4月1日－令和3年3月31日),1,1
E24050,ＥＮＥＯＳホールディングス株式会社,S100OH8G,2022-03-31,2022-06-28 14:28,有価証券報告書－第12期(令和3年4月1日－令和4年3月31日),1,1
E24050,ＥＮＥＯＳホールディングス株式会社,S100R6CC,2023-03-31,2023-06-28 13:39,有価証券報告書－第13期(2022/04/01－2023/03/31),1,1
E24050,ＥＮＥＯＳホールディングス株式会社,S100TT7B,2024-03-31,2024-06-26 14:45,有価証券報告書－第14期(2023/04/01－2024/03/31),1,1
E24050,ＥＮＥＯＳホールディングス株式会社,S100W1E2,2025-03-31,2025-06-24 13:35,有価証券報告書－第15期(2024/04/01－2025/03/31),1,1
E24050,ＥＮＥＯＳホールディングス株式会社,S100YF7I,2026-03-31,2026-06-23 13:35,有価証券報告書－第16期(2025/04/01－2026/03/31),1,1
E25303,カルビー株式会社,S100LO0J,2021-03-31,2021-06-24 15:27,有価証券報告書－第72期(令和2年4月1日－令和3年3月31日),1,1
E25303,カルビー株式会社,S100OCEU,2022-03-31,2022-06-23 14:59,有価証券報告書－第73期(令和3年4月1日－令和4年3月31日),1,1
E25303,カルビー株式会社,S100R1QJ,2023-03-31,2023-06-22 14:27,有価証券報告書－第74期(2022/04/01－2023/03/31),1,1
E25303,カルビー株式会社,S100TQWG,2024-03-31,2024-06-25 15:05,有価証券報告書－第75期(2023/04/01－2024/03/31),1,1
E25303,カルビー株式会社,S100VYXR,2025-03-31,2025-06-20 15:33,有価証券報告書－第76期(2024/04/01－2025/03/31),1,1
E25303,カルビー株式会社,S100YEHI,2026-03-31,2026-06-19 15:33,有価証券報告書－第77期(2025/04/01－2026/03/31),1,1
E27622,サントリー食品インターナショナル株式会社,S100L2ED,2020-12-31,2021-03-29 15:24,有価証券報告書－第12期(令和2年1月1日－令和2年12月31日),1,1
E27622,サントリー食品インターナショナル株式会社,S100NRBZ,2021-12-31,2022-03-28 15:23,有価証券報告書－第13期(令和3年1月1日－令和3年12月31日),1,1
E27622,サントリー食品インターナショナル株式会社,S100QGLN,2022-12-31,2023-03-27 15:19,有価証券報告書－第14期(2022/01/01－2022/12/31),1,1
E27622,サントリー食品インターナショナル株式会社,S100T62P,2023-12-31,2024-03-28 15:18,有価証券報告書－第15期(2023/01/01－2023/12/31),1,1
E27622,サントリー食品インターナショナル株式会社,S100VHVQ,2024-12-31,2025-03-27 15:15,有価証券報告書－第16期(2024/01/01－2024/12/31),1,1
E27622,サントリー食品インターナショナル株式会社,S100XSOA,2025-12-31,2026-03-23 13:44,有価証券報告書－第17期(2025/01/01－2025/12/31),1,1
E27633,東急不動産ホールディングス株式会社,S100LQPV,2021-03-31,2021-06-25 14:03,有価証券報告書－第8期(令和2年4月1日－令和3年3月31日),1,1
E27633,東急不動産ホールディングス株式会社,S100OHZR,2022-03-31,2022-06-28 13:43,有価証券報告書－第9期(令和3年4月1日－令和4年3月31日),1,1
E27633,東急不動産ホールディングス株式会社,S100R64J,2023-03-31,2023-06-28 14:07,有価証券報告書－第10期(2022/04/01－2023/03/31),1,1
E27633,東急不動産ホールディングス株式会社,S100TSX7,2024-03-31,2024-06-26 13:44,有価証券報告書－第11期(2023/04/01－2024/03/31),1,1
E27633,東急不動産ホールディングス株式会社,S100W5WX,2025-03-31,2025-06-25 15:21,有価証券報告書－第12期(2024/04/01－2025/03/31),1,1
E27633,東急不動産ホールディングス株式会社,S100YHXW,2026-03-31,2026-06-24 15:17,有価証券報告書－第13期(2025/04/01－2026/03/31),1,1
E31632,コスモエネルギーホールディングス株式会社,S100LNOV,2021-03-31,2021-06-24 15:09,有価証券報告書－第6期(令和2年4月1日－令和3年3月31日),1,1
E31632,コスモエネルギーホールディングス株式会社,S100OCUI,2022-03-31,2022-06-23 15:00,有価証券報告書－第7期(令和3年4月1日－令和4年3月31日),1,1
E31632,コスモエネルギーホールディングス株式会社,S100R1G7,2023-03-31,2023-06-22 15:30,有価証券報告書－第8期(2022/04/01－2023/03/31),1,1
E31632,コスモエネルギーホールディングス株式会社,S100TOPM,2024-03-31,2024-06-20 15:00,有価証券報告書－第9期(2023/04/01－2024/03/31),1,1
E31632,コスモエネルギーホールディングス株式会社,S100W3P9,2025-03-31,2025-06-25 13:00,有価証券報告書－第10期(2024/04/01－2025/03/31),1,1
E31632,コスモエネルギーホールディングス株式会社,S100YI3A,2026-03-31,2026-06-24 15:30,有価証券報告書－第11期(2025/04/01－2026/03/31),1,1
E31755,株式会社かんぽ生命保険,S100LKJ8,2021-03-31,2021-06-21 15:00,有価証券報告書－第15期(令和2年4月1日－令和3年3月31日),1,1
E31755,株式会社かんぽ生命保険,S100OA1O,2022-03-31,2022-06-20 15:00,有価証券報告書－第16期(令和3年4月1日－令和4年3月31日),1,1
E31755,株式会社かんぽ生命保険,S100QYAP,2023-03-31,2023-06-22 15:00,有価証券報告書－第17期(2022/04/01－2023/03/31),1,1
E31755,株式会社かんぽ生命保険,S100TOB2,2024-03-31,2024-06-20 15:00,有価証券報告書－第18期(2023/04/01－2024/03/31),1,1
E31755,株式会社かんぽ生命保険,S100VXF5,2025-03-31,2025-06-13 15:30,有価証券報告書－第19期(2024/04/01－2025/03/31),1,1
E31755,株式会社かんぽ生命保険,S100YD29,2026-03-31,2026-06-18 15:30,有価証券報告書－第20期(2025/04/01－2026/03/31),1,1
E32292,ＳＧホールディングス株式会社,S100LT3H,2021-03-31,2021-06-28 15:09,有価証券報告書－第15期(令和2年4月1日－令和3年3月31日),1,1
E32292,ＳＧホールディングス株式会社,S100OLAQ,2022-03-31,2022-06-29 15:02,有価証券報告書－第16期(令和3年4月1日－令和4年3月31日),1,1
E32292,ＳＧホールディングス株式会社,S100R4RK,2023-03-31,2023-06-26 15:00,有価証券報告書－第17期(2022/04/01－2023/03/31),1,1
E32292,ＳＧホールディングス株式会社,S100TWLI,2024-03-31,2024-06-27 15:00,有価証券報告書－第18期(2023/04/01－2024/03/31),1,1
E32292,ＳＧホールディングス株式会社,S100W6EF,2025-03-31,2025-06-26 15:30,有価証券報告書－第19期(2024/04/01－2025/03/31),1,1
E32292,ＳＧホールディングス株式会社,S100Y9P7,2026-03-31,2026-06-10 15:22,有価証券報告書－第20期(2025/04/01－2026/03/31),1,1
E38082,スカイマーク株式会社,S100R69Y,2023-03-31,2023-06-27 15:05,有価証券報告書－第27期(2022/04/01－2023/03/31),1,1
E38082,スカイマーク株式会社,S100TSEY,2024-03-31,2024-06-26 15:00,有価証券報告書－第28期(2023/04/01－2024/03/31),1,1
E38082,スカイマーク株式会社,S100W68U,2025-03-31,2025-06-26 15:31,有価証券報告書－第29期(2024/04/01－2025/03/31),1,1
E38082,スカイマーク株式会社,S100YJR8,2026-03-31,2026-06-24 15:38,有価証券報告書－第30期(2025/04/01－2026/03/31),1,1
